# title_id|version|kind|status|method|label|source|payload|note|delay_seconds
BCES01893|*|unlock|known|eboot_pc|Unlock FPS|Manual research||Known-compatible class, PC app required for safe EBOOT work.
BCES01893|*|60|known|eboot_pc|60 FPS target|Manual research||Known-compatible class, PC app required for safe EBOOT work.
BLUS30400|01.00|60|update_required|none|Atualize para 01.02 para 60 FPS|PS3 real lab||Patch 60 FPS conhecido exige o update oficial 01.02. Atualize o jogo, abra novamente e escaneie de novo.
BLUS30400|01.01|60|update_required|none|Atualize para 01.02 para 60 FPS|PS3 real lab||Patch 60 FPS conhecido exige o update oficial 01.02. Atualize o jogo, abra novamente e escaneie de novo.
BLUS30400|01.02|60|known|ncl|60 FPS (testado em PS3 real)|PS3 real lab|0 0035D3E4 38600000|Confirmado em PS3 real com update oficial 01.02; Just Cause 2 mudou de cerca de 30 FPS para cerca de 55 FPS em gameplay.
BLUS30400|01.02|unlock|known|ncl|Unlock FPS / +60 (testado em PS3 real)|PS3 real lab|0 0035D3E4 38600000|Confirmado em PS3 real com update oficial 01.02; Just Cause 2 mudou de cerca de 30 FPS para cerca de 55 FPS em gameplay.
BLUS30687|01.05|unlock|known|ncl|Unlock FPS (testado em PS3 real)|PS3 real lab|0 00DF70A8 38600000|Confirmado em PS3 real com webMAN PS3MAPI; Far Cry 3 BLUS30687 01.05 desbloqueou corretamente.
BLUS31201|01.03|unlock|known|ncl|Unlock FPS (testado em gameplay)|PS3 real lab|0 01861F80 404E0000;0 01861F88 3F911111|Confirmado em PS3 real no BLUS31201 01.03 via webMAN PS3MAPI. Valores originais vistos em RAM: 01861F80=403DF876 e 01861F88=3FA1155B. Depois do patch: 01861F80=404E0000 e 01861F88=3F911111. Aplique depois de 2 minutos e teste dentro da corrida.|120
BLUS31201|01.03|60|unavailable|none|Use FPS ilimitado / +60|PS3 real lab||60 FPS alvo bloqueado no BLUS31201 01.03: a rota publica 01841D00=404E foi aplicada no PS3 real e o jogo continuou em 30 FPS. Use a opcao FPS ilimitado / +60 confirmada.
BLUS30262|01.00|unlock|update_required|none|Atualize para 01.01 para desbloquear FPS|PS3 real lab||Patch Wheelman confirmado exige update 01.01. Na versao 01.00 o endereco publico nao mudou o FPS e verificacao via PS3MAPI em ISO/USB travou; atualize antes de aplicar.
BLUS30262|01.01|unlock|known|ncl|Unlock FPS / +60 (testado em PS3 real)|PS3 real lab|0 00806EC0 2C030001|Confirmado em PS3 real pelo projeto PSUF apos atualizar Wheelman BLUS30262 para 01.01. Em 01.00 nao funcionou. Aplique depois de 2 minutos e teste em gameplay.|120
BLUS30262|01.01|60|unavailable|none|Use FPS ilimitado / +60|PS3 real lab||60 FPS alvo bloqueado para Wheelman BLUS30262 01.01: o payload confirmado e o desbloqueio FPS / +60, nao ha confirmacao de alvo 60 separado.
BCES01141|01.03|unlock|known|ncl|Unlock FPS (testado em PS3 real)|PS3 real lab|0 0073C7A0 38600001;0 0073C78C 38A00001|Confirmado em PS3 real apos atualizar para 01.03. O jogo aparenta mirar 30 FPS por padrao; patch chegou a cerca de 60 FPS. Recomendado aplicar no menu principal antes do gameplay.
NPUB30564|01.00|unlock|known|ncl|Unlock FPS (testado em gameplay)|PS3 real lab|0 00C25524 60000000;0 00C25530 60000000|Confirmado em PS3 real durante gameplay/mapa. NPUB30564 nao usa os mesmos enderecos da versao em disco; esta rota desativa o ponto syscall 44000002 e um branch proximo.
NPUB31254|01.00|unlock|update_required|none|Atualize para 01.04 para desbloquear FPS|PS3 real lab||Patch confirmado exige update oficial 01.04. Atualize o jogo, abra novamente e escaneie de novo.
NPUB31254|01.04|60|known|ncl|60 FPS (testado em PS3 real)|PS3 real lab|0 00EE7C00 60000000;0 00EE7C04 38800000|Confirmado em PS3 real apos atualizar Watch Dogs NPUB31254 para 01.04. A versao 01.00 nao funcionou; update necessario. Aguarde 2 minutos antes de aplicar.|120
NPUB31254|01.04|unlock|unavailable|none|Use 60 FPS alvo|PS3 real lab||Entrada ilimitada bloqueada: o mesmo payload tambem existe como 60 FPS alvo e nao ha confirmacao clara de FPS ilimitado.
NPUB30984|01.06|60|known|ncl|60 FPS (testado em PS3 real)|RafJaeger|0 010E42C8 60000000;0 010E42DC 60000000|Resident Evil 6 NPUB30984 01.06. Testado e funcionando em PS3 real. Remove a espera interna usada pelo limitador de frames para permitir ultrapassar 30 FPS. Originais esperados: 010E42C8=44000002, 010E42DC=41800008.|120
BLUS30762|01.09|60|pc|eboot_pc|BF3 BLUS precisa analise propria|PS3 real lab||Nao aplicar diretamente a rota comunitaria 60 FPS v01.09 como disponivel. Aplicada no menu, ela persistiu em memoria no gameplay mas continuou em 30 FPS; aplicada durante gameplay, a chamada 007D9A98 travou. Requer novo padrao para esta versao.
NPUB30898|01.15|unlock|pc|eboot_pc|Borderlands 2 NPUB precisa VBlank/analise|PS3 real lab||Patch comunitario 001EF34C 60000000 foi aplicado em RAM e confirmado no gameplay, mas continuou em 30 FPS. Endereco alternativo 001ED76C tambem nao mudou. A propria nota comunitaria diz que o maximo depende da frequencia VBlank; nao marcar como 60 seguro nesta condicao.
NPUB30818|01.02|unlock|known|ncl|Unlock FPS (testado em PS3 real)|PS3 real lab|0 00898BB8 60000000;0 00898CBC 60000000;0 00898AC4 60000000;0 00898AD8 60000000;0 00898AB4 60000000|Confirmado em PS3 real com Sleeping Dogs NPUB30818 01.02. O padrao BLUS30927 01.04 tambem bateu nesta versao NPUB; desbloqueou acima de 30 FPS, observado cerca de 40 FPS em gameplay.
NPUB30181|01.01|60|pc|eboot_pc|Castle Crashers NPUB precisa analise propria|PS3 real lab||Patch conhecido NPEB00293 01.00 foi testado em RAM nos enderecos 000956B4 e 002B2044. Tambem foram testados 000956B8, 002B20F8 e 002AE824; o jogo continuou em cerca de 30 FPS na NPUB30181 01.01. Precisa procurar padrao proprio desta versao.
BLUS30500|01.07|unlock|known|ncl|Unlock FPS (testado em PS3 real)|PS3 real lab|0 0097504C 60000000|Confirmado em PS3 real com Fallout New Vegas BLUS30500 01.07. A rota da Ultimate Edition BLUS30888 01.00 tambem bateu nesta versao; desbloqueou acima de 30 FPS, observado cerca de 35 FPS em gameplay.
BLUS30451|01.61|unlock|pc|eboot_pc|Fallout 3: rota incompativel travou|PS3 real lab||Falha registrada em copia nao-GOTY/testada pelo projeto PSUF ao tentar a rota publica 0 00702BCC 60000000. Nao use este teste para bloquear a entrada GOTY BLUS30451 01.00; esta versao detectada como 01.61 precisa analise propria.
BLES01128|*|unlock|known|ncl|Unlock FPS / +60 (GTA IV ISO/fallback)|PS3 real lab|0 00F18840 00000000|Fallback para GTA IV Complete Edition quando o app identifica o ISO pelo nome mas nao consegue ler APP_VER do PARAM.SFO interno. Confirme que e BLES01128 atualizado antes de aplicar. Aguarde 2 minutos antes de aplicar.|120
BLES01807|01.27|60|known|ncl|60 FPS (testado por mnz)|mnz / PSUF community|0 004A0E34 4800006C;0 01F891B4 00000001|GTA V BLES01807 TU27 / v1.27. Patch 60 FPS confirmado no projeto. Esta e a rota atual mantida para GTA V.|120
BCAS20270|01.11|60|untested|ncl|60 FPS (PSX-Place test)|PSX-Place / NunoRS2000|0 01571A6F 01|The Last of Us v01.11. Fonte informa que 02 e 30 FPS, 01 e 60 FPS e 00 e desbloqueado. Ainda nao confirmado pelo PSUF em PS3 real.|120
BCES01584|01.11|60|untested|ncl|60 FPS (PSX-Place test)|PSX-Place / NunoRS2000|0 01571A6F 01|The Last of Us v01.11. Fonte informa que 02 e 30 FPS, 01 e 60 FPS e 00 e desbloqueado. Ainda nao confirmado pelo PSUF em PS3 real.|120
BCES01585|01.11|60|untested|ncl|60 FPS (PSX-Place test)|PSX-Place / NunoRS2000|0 01571A6F 01|The Last of Us v01.11. Fonte informa que 02 e 30 FPS, 01 e 60 FPS e 00 e desbloqueado. Ainda nao confirmado pelo PSUF em PS3 real.|120
BCUS98174|01.11|60|untested|ncl|60 FPS (PSX-Place test)|PSX-Place / NunoRS2000|0 01571A6F 01|The Last of Us v01.11. Fonte informa que 02 e 30 FPS, 01 e 60 FPS e 00 e desbloqueado. Ainda nao confirmado pelo PSUF em PS3 real.|120
BCAS20270|01.11|unlock|untested|ncl|Unlock FPS / +60 (PSX-Place test)|PSX-Place / NunoRS2000|0 01571A6F 00|The Last of Us v01.11. Fonte informa que 02 e 30 FPS, 01 e 60 FPS e 00 e desbloqueado. Ainda nao confirmado pelo PSUF em PS3 real.|120
BCES01584|01.11|unlock|untested|ncl|Unlock FPS / +60 (PSX-Place test)|PSX-Place / NunoRS2000|0 01571A6F 00|The Last of Us v01.11. Fonte informa que 02 e 30 FPS, 01 e 60 FPS e 00 e desbloqueado. Ainda nao confirmado pelo PSUF em PS3 real.|120
BCES01585|01.11|unlock|untested|ncl|Unlock FPS / +60 (PSX-Place test)|PSX-Place / NunoRS2000|0 01571A6F 00|The Last of Us v01.11. Fonte informa que 02 e 30 FPS, 01 e 60 FPS e 00 e desbloqueado. Ainda nao confirmado pelo PSUF em PS3 real.|120
BCUS98174|01.11|unlock|untested|ncl|Unlock FPS / +60 (PSX-Place test)|PSX-Place / NunoRS2000|0 01571A6F 00|The Last of Us v01.11. Fonte informa que 02 e 30 FPS, 01 e 60 FPS e 00 e desbloqueado. Ainda nao confirmado pelo PSUF em PS3 real.|120
BLUS03702|01.08|unlock|untested|ncl|Unlock FPS / +60 (PSX-Place test)|PSX-Place community|0 00F18830 00|GTA IV v01.08. Rota comunitaria direta: 3D para 00 no endereco 00F18830. A rota BLES01128 testada pelo PSUF foi mantida sem alteracao.|120
BLUS30253|01.02|60|untested|ncl|60 FPS Cutscenes Only (PSX-Place test)|PSX-Place community|0 0046383F 01|Skate 2 BLUS30253 01.02. Fonte informa que o efeito parece ficar limitado as cutscenes.|120
BLUS31431|01.00|60|untested|ncl|60 FPS (PSX-Place test)|PSX-Place community|0 006AF44E 0001;0 006AF46E 0001;0 006AF492 0001;0 006AF4B6 0001|Hatsune Miku Project Diva F 2nd BLUS31431. Todos os enderecos sao necessarios. Fonte informa que pode quebrar videos, mas o jogo continua jogavel.|120
BLUS31554|01.00|60|untested|ncl|60 FPS (PSX-Place test)|PSX-Place community|0 00170CC8 60|Lost Dimension BLUS31554. Fonte informa alterar 41 para 60.|120
BLUS30029|01.00|60|untested|ncl|60 FPS Cutscenes Only (PSX-Place test)|PSX-Place community|0 00889063 01|Pirates of the Caribbean: At World's End BLUS30029. Fonte informa que parece afetar apenas cutscenes.|120
BLUS30464|01.05|60|untested|ncl|60 FPS (PSX-Place test)|PSX-Place community|0 0094713A 00|Skate 3 BLUS30464 01.05. Fonte informa alterar 06 para 00.|120
BLUS30565|01.01|60|untested|ncl|60 FPS (PSX-Place test)|PSX-Place community|0 002A1250 60000000|Silent Hill Downpour BLUS30565 01.01. Rota comunitaria ainda nao confirmada pelo PSUF em PS3 real.|120
BLUS30710|01.02|60|untested|ncl|60 FPS (PSX-Place test)|PSX-Place community|0 001242F8 6000|Kingdoms of Amalur: Reckoning BLUS30710 01.02. Fonte informa alterar 489C para 6000.|120
BLUS31212|01.00|60|untested|ncl|60 FPS (PSX-Place test)|PSX-Place community|0 00012484 38800000;0 00036870 38800000|Kingdom Hearts HD 1.5 ReMIX Chain of Memories BLUS31212. Uma das rotas foi marcada na fonte como nao testada; fica como alternativa comunitaria.|120
BLUS31460|01.00|60|untested|ncl|60 FPS (PSX-Place test)|PSX-Place community|0 00015AA4 38600000;0 00076859 38600000|Kingdom Hearts HD 2.5 ReMIX Birth by Sleep BLUS31460. Uma das rotas foi marcada na fonte como suposta/nao testada; fica como alternativa comunitaria.|120
BLUS30117|01.00|60|untested|ncl|60 FPS Cutscenes Only (PSX-Place test)|PSX-Place community|0 004C4383 01;0 001633E8 6000|Dragon Ball Z: Burst Limit BLUS30117. Fonte informa cutscenes em 60 FPS e correcao do pause glitch.|120
BLUS30011|01.00|60|untested|ncl|60 FPS (PSX-Place test)|PSX-Place community|0 0056658C 60|Tony Hawk's Project 8 BLUS30011. Fonte informa alterar 41 para 60.|120
BLUS30071|01.00|60|untested|ncl|60 FPS (PSX-Place test)|PSX-Place community|0 00606138 60|Tony Hawk's Proving Ground BLUS30071. Fonte informa alterar 41 para 60.|120
BLUS30087|01.00|60|untested|ncl|60 FPS (PSX-Place test)|PSX-Place community|0 00AAED04 60|Oblivion GOTY BLUS30087 01.00. Fonte informa alterar 40 para 60.|120
BLUS31319|01.00|60|untested|ncl|60 FPS (PSX-Place test)|PSX-Place community|0 00589496 0001;0 005894BA 0001;0 00589802 0001;0 0058982A 0001|Hatsune Miku Project Diva F BLUS31319. Todos os enderecos sao necessarios. Fonte informa que pode quebrar videos, mas o jogo continua jogavel.|120
BCES00065|01.10|30|known|ncl|30 FPS|RafJaeger|0 00BB4352 0002|Uncharted Drake's Fortune. Rota mantida para a opcao 30 FPS.
BCUS98103|01.10|30|known|ncl|30 FPS|RafJaeger|0 00BB4352 0002|Uncharted Drake's Fortune. Rota mantida para a opcao 30 FPS.
BCUS98213|01.09|30|known|ncl|30 FPS|RafJaeger|0 00E9C1FB 02|Uncharted 2 Among Thieves. Rota mantida para a opcao 30 FPS.
BLUS30847|01.00|30|untested|ncl|30 FPS (MGS3 HD)|TriggerHappy / community patch|0 00BB85A4 3860000A|Metal Gear Solid 3 Snake Eater HD Edition. Ainda nao confirmado em PS3 real pelo PSUF.
NPEB00684|01.00|30|untested|ncl|30 FPS (MGS3 HD)|TriggerHappy / community patch|0 00BCCE9C 3860000A|Metal Gear Solid 3 Snake Eater HD Edition. Ainda nao confirmado em PS3 real pelo PSUF.
BLES00887|01.02|unlock|untested|ncl|Unlock FPS / +60 (PSXPlace test)|PSXPlace / Zolika1351 / illusion|0 00F18840 00000000|GTA IV Episodes From Liberty City. Rota comunitaria para teste; nao substitui as rotas de GTA IV ja confirmadas no PSUF. Source: RPCS3toArtemis MAPI / PSXPlace.|120
BLUS30682|01.02|unlock|untested|ncl|Unlock FPS / +60 (PSXPlace test)|PSXPlace / Zolika1351 / illusion|0 00F18840 00000000|GTA IV Complete Edition US. Rota comunitaria para teste; nao substitui as rotas de GTA IV ja confirmadas no PSUF. Source: RPCS3toArtemis MAPI / PSXPlace.|120
BLUS30179|01.01|60|untested|ncl|60 FPS (PSXPlace test)|PSXPlace / Joey85 / Nascar1243|0 009205B7 00|Mirror's Edge US. Codigo comunitario direto via PS3MAPI; usar como alternativa de teste. Source: RPCS3toArtemis MAPI.|120
BLUS30717|01.02|60|untested|ncl|60 FPS (PSXPlace test)|PSXPlace / Joey85 / Nascar1243|0 008F07D4 60000000|Dead Space 2 US. Codigo comunitario direto via PS3MAPI; usar como alternativa de teste. Source: RPCS3toArtemis MAPI.|120
BLUS30330|01.02|60|untested|ncl|60 FPS (PSXPlace test)|PSXPlace / Joey85 / Nascar1243|0 000C479F 01|Brutal Legend US. Aplicar primeiro no menu principal; se o jogo voltar para 30 FPS, reaplicar pelo PSUF. Source: RPCS3toArtemis MAPI.|120
BLES01988|*|60|untested|ncl|60 FPS (PSXPlace test)|RPCS3toArtemis MAPI|0 00334500 60000000|Bloodbath. Codigo comunitario direto via PS3MAPI; ainda nao confirmado pelo PSUF em PS3 real.|120
BCUS98131|*|60|untested|ncl|60 FPS (PSXPlace test)|RPCS3toArtemis MAPI|0 004D0178 38000000|Genji: Days of the Blade US. Nota da fonte: VSync locked. Codigo comunitario direto via PS3MAPI.|120
BCUS98147|01.10|60|untested|ncl|60 FPS v01.10 (PSXPlace test)|RPCS3toArtemis MAPI|0 001823C0 60|Folklore US v01.10. O PSUF ja tem outras rotas para Folklore; esta fica como alternativa de teste para a versao 01.10.|120
BCUS98120|01.60|60|untested|ncl|60 FPS v01.60 (PSXPlace test)|PSXPlace / Joey85 / Nascar1243|0 0065066C 4800|Resistance 2 US v01.60. O PSUF ja tem rota antiga para outro versionamento; esta fica como alternativa de teste. Source: RPCS3toArtemis MAPI.|120
BLUS30094|01.36|unlock|untested|ncl|Unlock FPS v01.36 (PSXPlace test)|PSXPlace / Joey85 / Nascar1243|0 007411A8 38600001;0 00742D10 38600001;0 00E4E36C 3D4CCCCD;0 00E4E364 3D03D70A;0 0068D1B8 60000000|Haze US. Versao comunitaria av01.36; mantida como alternativa de teste sem substituir a rota existente.|120
BLUS30855|01.06|unlock|untested|ncl|Unlock FPS v01.06 (PSXPlace test)|PSXPlace / Joey85|0 010E5B18 60000000;0 010E5B2C 60000000|Resident Evil 6 US v01.06. O PSUF ja tem outras versoes; esta fica como alternativa de teste para quem estiver atualizado.|120
BLUS31444|01.04|unlock|untested|ncl|Unlock FPS v01.04 (PSXPlace test)|PSXPlace / Joey85|0 00F310BC 60000000;0 00F310D0 60000000|Resident Evil Revelations 2 US v01.04. O PSUF ja tem outras versoes; esta fica como alternativa de teste para quem estiver atualizado.|120
BCUS98123|01.09|60|untested|ncl|60 FPS (PSXPlace test)|PSXPlace / RPCS3toArtemis|0 00E9C1FB 01|Uncharted 2 US v01.09. Codigo direto de memoria; adicionado porque o Title ID US correto tambem aparece nas fontes publicas.|120
BCUS98123|01.09|unlock|untested|ncl|Unlock FPS / +60 (PSXPlace test)|PSXPlace / RPCS3toArtemis|0 00E9C1FB 00|Uncharted 2 US v01.09. Codigo direto de memoria; adicionado porque o Title ID US correto tambem aparece nas fontes publicas.|120
BCUS98123|01.09|30|untested|ncl|30 FPS (PSXPlace test)|PSXPlace / RPCS3toArtemis|0 00E9C1FB 02|Uncharted 2 US v01.09. Codigo direto de memoria para voltar/travar em 30 FPS; alternativa de teste.|120
BLES00759|01.02|unlock|known|ncl|Unlock FPS / +60 (testado em PS3 real)|PS3 real lab|0 0033CA5C 38600001|Confirmado em PS3 real com webMAN PS3MAPI; Blur mudou de 30 FPS para 60 FPS.
BLUS30485|01.02|unlock|known|ncl|Unlock FPS / +60 (testado em PS3 real)|PS3 real lab|0 00413804 38600001;0 02050FB4 00000078|Confirmado em PS3 real com webMAN PS3MAPI; RAGE mudou corretamente.
BLUS31420|01.07|unlock|known|ncl|Unlock FPS / +60 (testado em PS3 real)|PS3 real lab|0 0024A6F8 38800000|Confirmado em PS3 real durante testes do PSUF; Far Cry 4 mudou corretamente.
BLES01128|01.02|unlock|known|ncl|Unlock FPS / +60 (testado em PS3 real)|PS3 real lab|0 00F18840 00000000|Confirmado em PS3 real com webMAN PS3MAPI; GTA IV Complete Edition chegou a cerca de 124 FPS no menu. Modo ilimitado pode fazer overlays/interface piscarem.
BLES00467|*|unlock|known|ncl_constant|Unlock FPS|RPCS3toArtemis Working|0 010b9e68 6000|Confirmed working on real PS3 hardware. Source file: Destroy All Humans! Path of the Furon.|120
BLUS30117|01.00|60|known|ncl_constant|60 FPS Cutscenes Only|RPCS3toArtemis Working|0 004c4383 01;0 001633e8 6000|Confirmed working on real PS3 hardware. Source file: Dragon Ball Z Burst Limit.|120
BLUS30185|01.61|unlock|known|ncl_constant|Unlock FPS|RPCS3toArtemis Working|0 00702BAC F804|Confirmed working on real PS3 hardware. Source file: Fallout 3.|120
BLES01475|01.00|unlock|known|ncl_constant|Unlock FPS|RPCS3toArtemis Working|0 0097504C 60|Confirmed working on real PS3 hardware. Source file: Fallout New Vegas Ultimate Edition.|120
MRTC00003|01.00|60|known|ncl_constant|60 FPS|RPCS3toArtemis Working|0 008d2e94 38800001|Confirmed working on real PS3 hardware. Source file: Final Fantasy XIII.|120
BCAS20013|01.00|unlock|known|ncl_constant|Unlock FPS|RPCS3toArtemis Working|0 001823C0 60|Confirmed working on real PS3 hardware. Source file: Folklore.|120
BCES00050|01.00|unlock|known|ncl_constant|Unlock FPS|RPCS3toArtemis Working|0 001823C0 60|Confirmed working on real PS3 hardware. Source file: Folklore.|120
BCUS98147|01.00|unlock|known|ncl_constant|Unlock FPS|RPCS3toArtemis Working|0 001823C0 60|Confirmed working on real PS3 hardware. Source file: Folklore.|120
BLUS30127|01.00|unlock|known|ncl_constant|Unlock FPS|RPCS3toArtemis Working|0 00f18830 00|Confirmed working on real PS3 hardware. Source file: Grand Theft Auto IV.|120
BLUS31431|01.00|unlock|known|ncl_constant|Unlock FPS|RPCS3toArtemis Working|0 006af44e 0001;0 006af46e 0001;0 006af492 0001;0 006af4b6 0001|Confirmed working on real PS3 hardware. Source file: Hatsune Miku Project Diva F 2nd.|120
BLUS31319|01.00|60|known|ncl_constant|60 FPS|RPCS3toArtemis Working|0 00589496 0001;0 005894ba 0001;0 00589802 0001;0 0058982a 0001|Confirmed working on real PS3 hardware. Source file: Hatsune Miku Project Diva F.|120
BLES00517|01.02|unlock|known|ncl_constant|Unlock FPS|RPCS3toArtemis Working|0 0035D3E4 7800|Confirmed working on real PS3 hardware. Source file: Just Cause 2.|120
BLUS30400|01.02|unlock|known|ncl_constant|Unlock FPS|RPCS3toArtemis Working|0 0035D3E4 7800|Confirmed working on real PS3 hardware. Source file: Just Cause 2.|120
BLUS31212|01.00|60|known|ncl_constant|60 FPS|RPCS3toArtemis Working|0 00036870 38800000;0 00012484 38800000|Confirmed working on real PS3 hardware. Source file: Kingdom Hearts 1.5 HD ReMIX.|120
BLUS30710|01.02|60|known|ncl_constant|60 FPS|RPCS3toArtemis Working|0 001242f8 6000|Confirmed working on real PS3 hardware. Source file: Kingdoms of Amalur Reckoning.|120
BLUS31554|01.00|unlock|known|ncl_constant|Unlock FPS|RPCS3toArtemis Working|0 00170cc8 60|Confirmed working on real PS3 hardware. Source file: Lost Dimension.|120
MRTC00002|01.02|unlock|known|ncl_constant|Unlock FPS|RPCS3toArtemis Working|0 013dc518 60000000;0 013dc524 6000|Confirmed working on real PS3 hardware. Source file: Lost Planet 2.|120
BLUS31020|01.02|unlock|known|ncl_constant|Unlock FPS|RPCS3toArtemis Working|0 002ff5f0 60000000|Confirmed working on real PS3 hardware. Source file: Lost Planet 3.|120
BLUS30109|*|unlock|known|ncl_constant|Unlock FPS|RPCS3toArtemis Working|0 000DB720 4E800020|Confirmed working on real PS3 hardware. Source file: Metal Gear Solid 4 Guns Of The Patriots.|120
BCUS98137|01.00|unlock|known|ncl_constant|Unlock FPS|RPCS3toArtemis Working|0 0075c864 39000001|Confirmed working on real PS3 hardware. Source file: Motorstorm.|120
BLUS30029|01.00|unlock|known|ncl_constant|Unlock FPS|RPCS3toArtemis Working|0 00889063 01|Confirmed working on real PS3 hardware. Source file: Pirates of the Caribbean At World's End.|120
BLUS30270|02.00|60|known|ncl_constant|60 FPS|RPCS3toArtemis Working|0 00C27970 60|Confirmed working on real PS3 hardware. Source file: Resident Evil 5.|120
BCUS98176|01.05|unlock|known|ncl_constant|Unlock FPS|RPCS3toArtemis Working|0 0075FA54 6000|Confirmed working on real PS3 hardware. Source file: Resistance 3.|120
BLUS30565|01.01|60|known|ncl_constant|60 FPS|RPCS3toArtemis Working|0 002a1250 60000000|Confirmed working on real PS3 hardware. Source file: Silent Hill Downpour.|120
BLUS30169|01.00|60|known|ncl_constant|60 FPS|RPCS3toArtemis Working|0 0005a36c 38000001|Confirmed working on real PS3 hardware. Source file: Silent Hill Homecoming.|120
BLUS30253|01.02|unlock|known|ncl_constant|Unlock FPS|RPCS3toArtemis Working|0 00947138 00|Confirmed working on real PS3 hardware. Source file: Skate 2.|120
BLUS30464|01.05|unlock|known|ncl_constant|Unlock FPS|RPCS3toArtemis Working|0 0094713A 00|Confirmed working on real PS3 hardware. Source file: Skate 3.|120
BLUS30087|01.00|60|known|ncl_constant|60 FPS|RPCS3toArtemis Working|0 00AAED04 60|Confirmed working on real PS3 hardware. Source file: The Elder Scrolls 4 Oblivion GOTY Edition.|120
BLUS30778|01.00|unlock|known|ncl_constant|Unlock FPS|RPCS3toArtemis Working|0 008EDB64 F805|Confirmed working on real PS3 hardware. Source file: The Elder Scrolls 5 Skyrim.|120
BLUS31202|01.00|unlock|known|ncl_constant|Unlock FPS|RPCS3toArtemis Working|0 008EDB64 F805|Confirmed working on real PS3 hardware. Source file: The Elder Scrolls 5 Skyrim Legendary Edition.|120
BCAS20270|01.11|60|known|ncl_constant|60 FPS|RPCS3toArtemis Working|0 00039d08 38a00000|Confirmed working on real PS3 hardware. Source file: The Last of Us.|120
BCES01584|01.11|60|known|ncl_constant|60 FPS|RPCS3toArtemis Working|0 00039d08 38a00000|Confirmed working on real PS3 hardware. Source file: The Last of Us.|120
BCES01585|01.11|60|known|ncl_constant|60 FPS|RPCS3toArtemis Working|0 00039d08 38a00000|Confirmed working on real PS3 hardware. Source file: The Last of Us.|120
BCUS98174|01.11|60|known|ncl_constant|60 FPS|RPCS3toArtemis Working|0 00039d08 38a00000|Confirmed working on real PS3 hardware. Source file: The Last of Us.|120
BLUS30011|01.00|60|known|ncl_constant|60 FPS|RPCS3toArtemis Working|0 0056658c 60|Confirmed working on real PS3 hardware. Source file: Tony Hawk's Project 8.|120
BLUS30071|01.00|60|known|ncl_constant|60 FPS|RPCS3toArtemis Working|0 00606138 60|Confirmed working on real PS3 hardware. Source file: Tony Hawk's Proving Ground.|120
BCUS98213|01.09|unlock|known|ncl_constant|Unlock FPS|RPCS3toArtemis Working|0 00E9C1FB 00|Confirmed working on real PS3 hardware. Source file: Uncharted 2 Among Thieves.|120
BCUS98213|01.09|60|known|ncl_constant|60 FPS|RPCS3toArtemis Working|0 00E9C1FB 01|Confirmed working on real PS3 hardware. Source file: Uncharted 2 Among Thieves.|120
BCUS98213|01.09|30|known|ncl_constant|30 FPS|RPCS3toArtemis Working|0 00E9C1FB 02|Confirmed working on real PS3 hardware. Source file: Uncharted 2 Among Thieves.|120
BCES00065|01.10|unlock|known|ncl_constant|Unlock FPS|RPCS3toArtemis Working|0 00BB4352 0000|Confirmed working on real PS3 hardware. Source file: Uncharted Drake's Fortune.|120
BCUS98103|01.10|unlock|known|ncl_constant|Unlock FPS|RPCS3toArtemis Working|0 00BB4352 0000|Confirmed working on real PS3 hardware. Source file: Uncharted Drake's Fortune.|120
BCES00065|01.10|60|known|ncl_constant|60 FPS|RPCS3toArtemis Working|0 00BB4352 0001|Confirmed working on real PS3 hardware. Source file: Uncharted Drake's Fortune.|120
BCUS98103|01.10|60|known|ncl_constant|60 FPS|RPCS3toArtemis Working|0 00BB4352 0001|Confirmed working on real PS3 hardware. Source file: Uncharted Drake's Fortune.|120
BCES00065|01.10|30|known|ncl_constant|30 FPS|RPCS3toArtemis Working|0 00BB4352 0002|Confirmed working on real PS3 hardware. Source file: Uncharted Drake's Fortune.|120
BCUS98103|01.10|30|known|ncl_constant|30 FPS|RPCS3toArtemis Working|0 00BB4352 0002|Confirmed working on real PS3 hardware. Source file: Uncharted Drake's Fortune.|120
BLUS30607|01.00|unlock|known|ncl|Unlock FPS (PSXPlace)|PSXPlace Confirmed|0 008A3238 28030001;0 008A30E4 28030001|Community confirmed on real PS3 hardware. Source file: Alice Madness Returns.|120
BLES01697|01.02|unlock|known|ncl|Unlock FPS (PSXPlace)|PSXPlace Confirmed|0 004E2998 38A00001|Community confirmed on real PS3 hardware. Source file: Alien Isolation.|120
NPEB01088|01.00|unlock|known|ncl|Unlock FPS (PSXPlace)|PSXPlace Confirmed|0 009802E8 2C030001;0 003491BC 2C040001;0 00980304 28030000;0 009801A4 28030000|Community confirmed on real PS3 hardware. Source file: Alien Rage.|120
BLES01455|01.05|unlock|known|ncl|Unlock FPS (PSXPlace)|PSXPlace Confirmed|0 005C92F8 2B800000|Community confirmed on real PS3 hardware. Source file: Aliens Colonial Marines.|120
BLUS30862|01.05|unlock|known|ncl|Unlock FPS (PSXPlace)|PSXPlace Confirmed|0 005C92F8 2B800000|Community confirmed on real PS3 hardware. Source file: Aliens Colonial Marines.|120
BLUS30341|01.00|unlock|known|ncl|Unlock FPS (PSXPlace)|PSXPlace Confirmed|0 00954970 2B090000;0 0095478C 2B800000|Community confirmed on real PS3 hardware. Source file: Alpha Protocol.|120
BLUS30721|01.02|unlock|known|ncl|Unlock FPS (PSXPlace)|PSXPlace Confirmed|0 00873024 28030001;0 00873170 28030001|Community confirmed on real PS3 hardware. Source file: Asura's Wrath.|120
BLES00759|01.02|unlock|known|ncl|Unlock FPS (PSXPlace)|PSXPlace Confirmed|0 0033CA5C 38600001|Community confirmed on real PS3 hardware. Source file: Blur.|120
BLES01684|01.02|unlock|known|ncl|Unlock FPS (PSXPlace) [Tested]|PSXPlace Confirmed|0 001EF34C 60000000|Community confirmed on real PS3 hardware. Source file: Borderlands 2.|120
BLES00562|01.02|unlock|known|ncl|Unlock FPS (PSXPlace)|PSXPlace Confirmed|0 00012EF4 3C888889;0 000132F0 3C888889;0 00017D90 3C888889;0 00022D48 3C888889;0 000686AC 3C888889;0 0007D680 3C888889;0 001594AC 3C888889;0 00161380 3C888889;0 00164CEC 3C888889;0 001BD978 3C888889;0 00201454 3C888889;0 002B2BC8 3C888889;0 002B339C 3C888889;0 002E3418 3C888889;0 002F005C 3C888889;0 002F44B0 3C888889;0 002F5274 3C888889;0 00303BFC 3C888889;0 00327ED8 3C888889;0 0034FB10 3C888889;0 006B7D24 3C888889;0 006B89F8 3C888889;0 006B8C28 3C888889;0 006B9270 3C888889;0 00A0246C 3C888889;0 011163C8 3C888889;0 0116B34C 3C888889;0 01353E5C 3C888889;0 013BE100 3C888889;0 013C0520 3C888889;0 000C479C 38600001;0 000C44F8 38600001|Community confirmed on real PS3 hardware. Source file: Brutal Legend.|120
BLES01134|01.03|unlock|known|ncl|Unlock FPS (PSXPlace)|PSXPlace Confirmed|0 009C1974 2C030001|Community confirmed on real PS3 hardware. Source file: Bulletstorm.|120
NPEB00293|01.00|60|known|ncl|60 FPS (RPCS3) [Tested]|PSXPlace Confirmed|0 000956B4 60000000;0 002B2044 3C888889|Community confirmed on real PS3 hardware. Source file: Castle Crashers.|120
BLUS30115|01.01|unlock|known|ncl|Unlock FPS (PSXPlace)|PSXPlace Confirmed|0 008FE1AC 38600001|Community confirmed on real PS3 hardware. Source file: Condemned 2 Bloodshot.|120
BLES01040|01.02|unlock|known|ncl|Unlock FPS (PSXPlace)|PSXPlace Confirmed|0 008F07D4 60000000;0 008F1E98 38600001;0 008F203C 38600001;0 008F39B0 38600001|Community confirmed on real PS3 hardware. Source file: Dead Space 2.|120
BLES01733|01.02|unlock|known|ncl|Unlock FPS (PSXPlace)|PSXPlace Confirmed|0 00928364 60000000;0 00934DFC 38600001;0 00932AEC 38600001;0 00932954 38600001|Community confirmed on real PS3 hardware. Source file: Dead Space 3.|120
BLUS31053|01.02|unlock|known|ncl|Unlock FPS (PSXPlace)|PSXPlace Confirmed|0 00928364 60000000;0 00934DFC 38600001;0 00932AEC 38600001;0 00932954 38600001|Community confirmed on real PS3 hardware. Source file: Dead Space 3.|120
BLES00308|01.00|unlock|known|ncl|Unlock FPS (PSXPlace)|PSXPlace Confirmed|0 00D5E938 00000000;0 004549A0 38600001;0 00454B60 38600001;0 00455950 38600001|Community confirmed on real PS3 hardware. Source file: Dead Space.|120
BLES01789|01.00|unlock|known|ncl|Unlock FPS (PSXPlace)|PSXPlace Confirmed|0 016AF2D0 60000000;0 016AF2DC 60000000;0 007B28D4 38600001;0 007AB89C 38600001;0 007B1FA4 28030001;0 007ED630 60000000;0 007BF970 60000000;0 007B2238 60000000|Community confirmed on real PS3 hardware. Source file: Deadpool.|120
BLUS31146|01.00|unlock|known|ncl|Unlock FPS (PSXPlace)|PSXPlace Confirmed|0 016AF2D0 60000000;0 016AF2DC 60000000;0 007B28D4 38600001;0 007AB89C 38600001;0 007B1FA4 28030001;0 007ED630 60000000;0 007BF970 60000000;0 007B2238 60000000|Community confirmed on real PS3 hardware. Source file: Deadpool.|120
BLES00467|*|unlock|known|ncl|Unlock FPS (PSXPlace) [Tested]|PSXPlace Confirmed|0 010B9E68 60000000;0 010B9EC0 60000000|Community confirmed on real PS3 hardware. Source file: Destroy All Humans! Path Of The Furon.|120
BLUS31317|01.00|unlock|known|ncl|Unlock FPS (PSXPlace)|PSXPlace Confirmed|0 002A205C 60000000|Community confirmed on real PS3 hardware. Source file: Deus Ex Human Revolution Directors Cut.|120
NPUB31099|01.00|unlock|known|ncl|Unlock FPS (PSXPlace)|PSXPlace Confirmed|0 000F8908 60000000|Community confirmed on real PS3 hardware. Source file: Disney Castle Of Illusion Starring Mickey Mouse.|120
BLES00231|01.00|60|known|ncl|60 FPS (RPCS3)|PSXPlace Confirmed|0 001622DC 60000000;0 0016349C 60000000|Community confirmed on real PS3 hardware. Source file: Dragon Ball Z Burst Limit.|120
BLUS30117|01.00|60|known|ncl|60 FPS (RPCS3)|PSXPlace Confirmed|0 00162228 60000000;0 001633E8 60000000|Community confirmed on real PS3 hardware. Source file: Dragon Ball Z Burst Limit.|120
BLUS30720|01.05|unlock|known|ncl|Unlock FPS (PSXPlace)|PSXPlace Confirmed|0 00EF0C74 60000000;0 00EF0C88 60000000|Community confirmed on real PS3 hardware. Source file: Dragon's Dogma.|120
BLUS31155|01.02|unlock|known|ncl|Unlock FPS (PSXPlace)|PSXPlace Confirmed|0 00F5AAB4 60000000;0 00F5AAC8 60000000|Community confirmed on real PS3 hardware. Source file: Dragon's Dogma Dark Arisen.|120
BLES01147|01.03|unlock|known|ncl|Unlock FPS (PSXPlace)|PSXPlace Confirmed|0 00486E34 39240002|Community confirmed on real PS3 hardware. Source file: Duke Nukem Forever.|120
BLES00989|01.01|unlock|known|ncl|Unlock FPS (PSXPlace)|PSXPlace Confirmed|0 00A01D3C 28030001;0 00A01E94 28050001;0 008863DC 38600001;0 00A0E24C 38600001|Community confirmed on real PS3 hardware. Source file: Enslaved Odyssey To The West.|120
BLUS30451|01.00|unlock|known|ncl|Unlock FPS (PSXPlace)|PSXPlace Confirmed|0 00702BCC 60000000|Community confirmed on real PS3 hardware. Source file: Fallout 3 GOTY Edition.|120
BLUS30888|01.00|unlock|known|ncl|Unlock FPS (RPCS3) [Tested]|PSXPlace Confirmed|0 0097504C 60000000|Community confirmed on real PS3 hardware. Source file: Fallout New Vegas Ultimate Edition.|120
BLUS30178|01.04|unlock|known|ncl|Unlock FPS (PSXPlace)|PSXPlace Confirmed|0 00886204 3BE00002|Community confirmed on real PS3 hardware. Source file: Far Cry 2.|120
BLES01137|01.05|unlock|known|ncl|Unlock FPS (PSXPlace)|PSXPlace Confirmed|0 00DF70A8 38600000|Community confirmed on real PS3 hardware. Source file: Far Cry 3.|120
NPEB01322|01.01|unlock|known|ncl|Unlock FPS (PSXPlace)|PSXPlace Confirmed|0 00DECCC4 60000000;0 00DECCC8 38800000|Community confirmed on real PS3 hardware. Source file: Far Cry 3 Blood Dragon.|120
BLUS31420|01.07|unlock|known|ncl|Unlock FPS (PSXPlace)|PSXPlace Confirmed|0 0024A6F8 38800000|Community confirmed on real PS3 hardware. Source file: Far Cry 4.|120
NPEB00989|01.00|unlock|known|ncl|Unlock FPS (PSXPlace)|PSXPlace Confirmed|0 00502754 38000000|Community confirmed on real PS3 hardware. Source file: Far Cry Classic.|120
BLUS30294|01.02|unlock|known|ncl|Unlock FPS (PSXPlace)|PSXPlace Confirmed|0 0096C3EC 39600001|Community confirmed on real PS3 hardware. Source file: File 0x00702ECC  Orig 20630002 - New 38600001Marvel Ultimate Alliance 2.|120
MRTC00003|01.00|unlock|known|ncl|Unlock FPS (PSXPlace)|PSXPlace Confirmed|0 008D2E94 38800001|Community confirmed on real PS3 hardware. Source file: FINAL FANTASY XIII.|120
BCES00050|01.10|unlock|known|ncl|Unlock FPS (PSXPlace)|PSXPlace Confirmed|0 001821A0 60000000|Community confirmed on real PS3 hardware. Source file: Folklore.|120
BLES01128|01.00|unlock|known|ncl|Unlock FPS (PSXPlace) [Tested]|PSXPlace Confirmed|0 00F18840 00000000|Community confirmed on real PS3 hardware. Source file: Grand Theft Auto IV Complete Edition.|120
BLES00070|01.01|60|known|ncl|60 FPS (RPCS3) [Tested]|PSXPlace Confirmed|0 0066B764 38800001|Community confirmed on real PS3 hardware. Source file: Harry Potter And The Order Of The Phoenix.|120
BLES00157|01.01|unlock|known|ncl|Unlock FPS (PSXPlace)|PSXPlace Confirmed|0 007411A8 38600001;0 00742D10 38600001;0 00E4E36C 3D4CCCCD;0 00E4E364 3D03D70A;0 0068D1B8 60000000|Community confirmed on real PS3 hardware. Source file: Haze.|120
BLES00169|01.01|unlock|known|ncl|Unlock FPS (PSXPlace)|PSXPlace Confirmed|0 007411A8 38600001;0 00742D10 38600001;0 00E4E36C 3D4CCCCD;0 00E4E364 3D03D70A;0 0068D1B8 60000000|Community confirmed on real PS3 hardware. Source file: Haze.|120
BLUS30094|01.01|unlock|known|ncl|Unlock FPS (PSXPlace)|PSXPlace Confirmed|0 007411A8 38600001;0 00742D10 38600001;0 00E4E36C 3D4CCCCD;0 00E4E364 3D03D70A;0 0068D1B8 60000000|Community confirmed on real PS3 hardware. Source file: Haze.|120
BLES00962|01.04|unlock|known|ncl|Unlock FPS (PSXPlace)|PSXPlace Confirmed|0 007EEAB8 28030001;0 007EEC08 38800001;0 007EEC60 28030001|Community confirmed on real PS3 hardware. Source file: Homefront.|120
NPUB30383|01.00|unlock|known|ncl|Unlock FPS (PSXPlace)|PSXPlace Confirmed|0 0074BCD4 60000000;0 0074BBFC 60000000|Community confirmed on real PS3 hardware. Source file: I Am Alive.|120
NPUA80638|01.00|unlock|known|ncl|Unlock FPS [Tested] (PSXPlace)|PSXPlace Confirmed|0 0013ACB0 60000000|Community confirmed on real PS3 hardware. Source file: inFamous 2.|120
NPUA80638|01.00|unlock|known|ncl|Unlock FPS + 59fps Cap [Tested] (PSXPlace)|PSXPlace Confirmed|0 0013ACB0 60000000;0 0054B284 E81D00E0;0 0054B288 2FA00000;0 0054B28C 419E0020;0 0054B290 3D600015;0 0054B294 616B6E7D;0 0054B298 7D40D050;0 0054B29C 7FAA5840;0 0054B2A0 409C000C;0 0054B2A4 7F4C42E6;0 0054B2A8 4BFFFFF0;0 0054B2AC 811E8038;0 0054B2B0 4BB3E3A4;0 00089650 484C1C34|Community confirmed on real PS3 hardware. Source file: inFamous 2.|120
BLUS30374|01.00|unlock|known|ncl|Unlock FPS (PSXPlace)|PSXPlace Confirmed|0 00A785E8 3BE00002|Community confirmed on real PS3 hardware. Source file: James Camerons Avatar The Game.|120
NPUB30606|01.02|60|known|ncl|60 FPS (RPCS3) [Tested]|PSXPlace Confirmed|0 004087A8 38600000|Community confirmed on real PS3 hardware. Source file: Just Cause 2.|120
NPUB30606|01.02|unlock|unavailable|none|Use 60 FPS alvo|PSXPlace Confirmed||Entrada ilimitada bloqueada: o mesmo payload tambem existe como 60 FPS alvo e nao ha confirmacao clara de FPS ilimitado.
BCAS20292|01.00|unlock|known|ncl|Unlock FPS (PSXPlace) [Tested]|PSXPlace Confirmed|0 009913B8 60000000;0 00991418 60000000;0 0099141C 60000000|Community confirmed on real PS3 hardware. Source file: Killer Is Dead.|120
BCES00081|01.29|unlock|known|ncl|Unlock FPS (PSXPlace)|PSXPlace Confirmed|0 00048F98 38800001|Community confirmed on real PS3 hardware. Source file: Killzone 2.|120
BCUS98116|01.29|unlock|known|ncl|Unlock FPS (PSXPlace)|PSXPlace Confirmed|0 00048F98 38800001|Community confirmed on real PS3 hardware. Source file: Killzone 2.|120
BLES01525|01.00|unlock|known|ncl|Unlock FPS (PSXPlace)|PSXPlace Confirmed|0 008F88F8 38800001;0 008F8908 28030001|Community confirmed on real PS3 hardware. Source file: Lollipop Chainsaw.|120
BLUS30917|01.00|unlock|known|ncl|Unlock FPS (PSXPlace) [Tested]|PSXPlace Confirmed|0 008F8908 28030001|Community confirmed on real PS3 hardware. Source file: Lollipop Chainsaw PE.|120
BLUS30917|01.00|unlock|known|ncl|Unlock FPS (RPCS3)|PSXPlace Confirmed|0 00932F2C 60000000;0 00932F8C 60000000;0 00932F90 60000000|Community confirmed on real PS3 hardware. Source file: Lollipop Chainsaw PE.|120
BLES02197|01.01|60|known|ncl|60 FPS (PSXPlace) [Tested]|PSXPlace Confirmed|0 00171300 60000000|Community confirmed on real PS3 hardware. Source file: Lost Dimension.|120
BLJM61166|01.01|60|known|ncl|60 FPS (PSXPlace) [Tested]|PSXPlace Confirmed|0 00171300 60000000|Community confirmed on real PS3 hardware. Source file: Lost Dimension.|120
BLUS31554|01.01|60|known|ncl|60 FPS (PSXPlace) [Tested]|PSXPlace Confirmed|0 00171300 60000000|Community confirmed on real PS3 hardware. Source file: Lost Dimension.|120
MRTC00002|01.01|unlock|known|ncl|Unlock FPS (PSXPlace) [Tested]|PSXPlace Confirmed|0 013DC518 60000000;0 013DC524 60000000|Community confirmed on real PS3 hardware. Source file: Lost Planet 2.|120
MRTC00002|01.01|unlock|known|ncl|Unlock FPS v01.00 (RPCS3)|PSXPlace Confirmed|0 01394BB8 60000000;0 01394BC4 60000000|Community confirmed on real PS3 hardware. Source file: Lost Planet 2.|120
BLUS31020|01.02|unlock|known|ncl|Unlock FPS (PSXPlace)|PSXPlace Confirmed|0 0078008C 28030000;0 007801CC 28040000|Community confirmed on real PS3 hardware. Source file: Lost Planet 3.|120
BLES00246|02.00|unlock|known|ncl|Unlock FPS (PSXPlace)|PSXPlace Confirmed|0 000DB720 4E800020|Community confirmed on real PS3 hardware. Source file: METAL GEAR SOLID 4 GUNS OF THE PATRIOTS.|120
MRTC00014|01.01|unlock|known|ncl|Unlock FPS (PSXPlace)|PSXPlace Confirmed|0 003D9728 60000000|Community confirmed on real PS3 hardware. Source file: Mindjack.|120
BLES00322|01.01|unlock|known|ncl|Unlock FPS (PSXPlace)|PSXPlace Confirmed|0 0091FE98 2B800000;0 009205B4 2B090000;0 00920568 2B800000|Community confirmed on real PS3 hardware. Source file: Mirrors Edge.|120
BCES00006|01.00|unlock|known|ncl|Unlock FPS (PSXPlace)|PSXPlace Confirmed|0 0001852C 38C00001;0 00018530 39000001;0 0087F3A0 39000001|Community confirmed on real PS3 hardware. Source file: MotorStorm.|120
BLUS31201|01.03|unlock|known|ncl|Unlock FPS (PSXPlace)|PSXPlace Confirmed|0 01861F80 404E0000;0 01861F88 3F911111|Community confirmed on real PS3 hardware. Source file: Need for Speed Rivals.|120
BLUS30580|01.02|unlock|known|ncl|Unlock FPS (PSXPlace)|PSXPlace Confirmed|0 009FB928 4280001C|Community confirmed on real PS3 hardware. Source file: Need for Speed SHIFT 2 UNLEASHED.|120
BLUS30391|01.03|unlock|known|ncl|Unlock FPS (PSXPlace)|PSXPlace Confirmed|0 0089AF64 38000000;0 008A4850 60000000|Community confirmed on real PS3 hardware. Source file: Need for Speed SHIFT.|120
BLUS30754|01.00|unlock|known|ncl|The Two Thrones Unlock FPS (PSXPlace)|PSXPlace Confirmed|0 0009381C 60000000|Community confirmed on real PS3 hardware. Source file: Prince Of Persia Trilogy 3D.|120
BLUS30754|01.00|unlock|known|ncl|Warrior Within Unlock FPS (PSXPlace)|PSXPlace Confirmed|0 00824E10 60000000|Community confirmed on real PS3 hardware. Source file: Prince Of Persia Trilogy 3D.|120
BLES01532|01.00|unlock|known|ncl|UnlockFPS (PSXPlace)|PSXPlace Confirmed|0 006E9BE8 60000000;0 006E9B60 60000000|Community confirmed on real PS3 hardware. Source file: Prototype 2.|120
BLUS30756|01.00|unlock|known|ncl|UnlockFPS (PSXPlace)|PSXPlace Confirmed|0 006E9BE8 60000000;0 006E9B60 60000000|Community confirmed on real PS3 hardware. Source file: Prototype 2.|120
BCAS20200|01.03|unlock|known|ncl|Unlock FPS (PSXPlace)|PSXPlace Confirmed|0 0073C7A0 38600001;0 0073C78C 38A00001|Community confirmed on real PS3 hardware. Source file: Ratchet And Clank All 4 One.|120
BCES01141|01.03|unlock|known|ncl|Unlock FPS (PSXPlace)|PSXPlace Confirmed|0 0073C7A0 38600001;0 0073C78C 38A00001|Community confirmed on real PS3 hardware. Source file: Ratchet And Clank All 4 One.|120
BCJS30081|01.03|unlock|known|ncl|Unlock FPS (PSXPlace)|PSXPlace Confirmed|0 0073C7A0 38600001;0 0073C78C 38A00001|Community confirmed on real PS3 hardware. Source file: Ratchet And Clank All 4 One.|120
BCUS98175|01.03|unlock|known|ncl|Unlock FPS (PSXPlace)|PSXPlace Confirmed|0 0073C7A0 38600001;0 0073C78C 38A00001|Community confirmed on real PS3 hardware. Source file: Ratchet And Clank All 4 One.|120
NPEA00356|01.03|unlock|known|ncl|Unlock FPS (PSXPlace)|PSXPlace Confirmed|0 0073C7A0 38600001;0 0073C78C 38A00001|Community confirmed on real PS3 hardware. Source file: Ratchet And Clank All 4 One.|120
BCUS99245|01.00|unlock|known|ncl|Unlock FPS (PSXPlace) [Tested]|PSXPlace Confirmed|0 0069A550 38A00001|Community confirmed on real PS3 hardware. Source file: Ratchet And Clank Into The Nexus.|120
BCUS99245|01.00|unlock|known|ncl|Unlock FPS v01.01 (RPCS3)|PSXPlace Confirmed|0 0032FF02 3A83;0 0032FF0E 126F|Community confirmed on real PS3 hardware. Source file: Ratchet And Clank Into The Nexus.|120
BCES01908|01.01|unlock|known|ncl|Unlock FPS (PSXPlace)|PSXPlace Confirmed|0 0069A550 38A00001;0 0069A564 38600001|Community confirmed on real PS3 hardware. Source file: Ratchet And Clank Nexus.|120
BLES01701|01.00|unlock|known|ncl|Unlock FPS (PSXPlace)|PSXPlace Confirmed|0 00A347D4 28030001;0 00A34914 28030001|Community confirmed on real PS3 hardware. Source file: Remember Me.|120
BLES00816|01.01|unlock|known|ncl|Unlock FPS (RPCS3) [Tested]|PSXPlace Confirmed|0 00C27CAC 60000000;0 00C27CB8 60000000|Community confirmed on real PS3 hardware. Source file: Resident Evil 5 Gold Edition.|120
BLES00816|01.01|unlock|known|ncl|Unlock FPS (PSXPlace) [Tested]|PSXPlace Confirmed|0 00C27964 60000000;0 00C27970 60000000|Community confirmed on real PS3 hardware. Source file: Resident Evil 5 Gold Edition.|120
BLUS30855|01.01|unlock|known|ncl|Unlock FPS (PSXPlace)|PSXPlace Confirmed|0 010E5B18 60000000;0 010E5B2C 60000000|Community confirmed on real PS3 hardware. Source file: Resident Evil 6.|120
NPEB02076|01.00|unlock|known|ncl|Unlock FPS (PSXPlace)|PSXPlace Confirmed|0 007C77A4 60000000;0 007C77B8 60000000|Community confirmed on real PS3 hardware. Source file: Resident Evil Remaster.|120
NPJB00653|01.00|unlock|known|ncl|Unlock FPS (PSXPlace)|PSXPlace Confirmed|0 007C77A4 60000000;0 007C77B8 60000000|Community confirmed on real PS3 hardware. Source file: Resident Evil Remaster.|120
NPUB31552|01.00|unlock|known|ncl|Unlock FPS (PSXPlace)|PSXPlace Confirmed|0 007C77A4 60000000;0 007C77B8 60000000|Community confirmed on real PS3 hardware. Source file: Resident Evil Remaster.|120
BLUS31444|01.00|unlock|known|ncl|Unlock FPS (PSXPlace)|PSXPlace Confirmed|0 00F310BC 60000000;0 00F310D0 60000000|Community confirmed on real PS3 hardware. Source file: Resident Evil Revelations 2.|120
BLES01773|01.01|unlock|known|ncl|Unlock FPS (PSXPlace)|PSXPlace Confirmed|0 00B73910 60000000;0 00B73924 60000000|Community confirmed on real PS3 hardware. Source file: Resident Evil Revelations.|120
NPEB00816|01.00|unlock|known|ncl|Unlock FPS (PSXPlace)|PSXPlace Confirmed|0 0046B354 60000000|Community confirmed on real PS3 hardware. Source file: Resident Evil The Darkside Chronicles.|120
NPUB30648|01.00|unlock|known|ncl|Unlock FPS (PSXPlace)|PSXPlace Confirmed|0 0046B354 60000000|Community confirmed on real PS3 hardware. Source file: Resident Evil The Darkside Chronicles.|120
NPEB00817|01.01|unlock|known|ncl|Unlock FPS (PSXPlace)|PSXPlace Confirmed|0 0007CB6C 60000000|Community confirmed on real PS3 hardware. Source file: Resident Evil The Umbrella Chronicles.|120
NPUB30650|01.01|unlock|known|ncl|Unlock FPS (PSXPlace)|PSXPlace Confirmed|0 0007CB6C 60000000|Community confirmed on real PS3 hardware. Source file: Resident Evil The Umbrella Chronicles.|120
BCES00226|01.60|unlock|known|ncl|Unlock FPS (PSXPlace)|PSXPlace Confirmed|0 0065066C 42800088;0 00D62F34 3C888889|Community confirmed on real PS3 hardware. Source file: Resistance 2.|120
BCES01118|01.00|unlock|known|ncl|Unlock FPS (RPCS3) [Tested]|PSXPlace Confirmed|0 007EEAC8 C0228DCC;0 00F02AD4 38D1B717;0 00736C44 60000000|Community confirmed on real PS3 hardware. Source file: Resistance 3.|120
BCUS98176|01.00|unlock|known|ncl|Unlock FPS (RPCS3) [Tested]|PSXPlace Confirmed|0 007EEAC8 C0228DCC;0 00F02AD4 38D1B717;0 00736C44 60000000|Community confirmed on real PS3 hardware. Source file: Resistance 3.|120
BCES01118|01.00|unlock|known|ncl|Unlock FPS (PSXPlace) [Tested]|PSXPlace Confirmed|0 00817D48 C0228DD4;0 00F330FC 38D1B717;0 0075FA54 60000000|Community confirmed on real PS3 hardware. Source file: Resistance 3.|120
BCUS98176|01.00|unlock|known|ncl|Unlock FPS (PSXPlace) [Tested]|PSXPlace Confirmed|0 00817D48 C0228DD4;0 00F330FC 38D1B717;0 0075FA54 60000000|Community confirmed on real PS3 hardware. Source file: Resistance 3.|120
BLES01050|01.00|unlock|known|ncl|Unlock FPS (PSXPlace)|PSXPlace Confirmed|0 00B6A0C0 2B890000;0 00B6A078 2B800000|Community confirmed on real PS3 hardware. Source file: Saw 2.|120
BLES00676|01.00|unlock|known|ncl|Unlock FPS (PSXPlace)|PSXPlace Confirmed|0 018BEC38 3C888889;0 018C2000 3C888889;0 018D5914 3C888889;0 00A60F80 2B800000|Community confirmed on real PS3 hardware. Source file: Saw.|120
NPUB31165|01.01|unlock|known|ncl|Unlock FPS (PSXPlace)|PSXPlace Confirmed|0 00622BE0 60000000|Community confirmed on real PS3 hardware. Source file: Serious Sam 3 BFE.|120
BLES01276|01.00|unlock|known|ncl|Unlock FPS (PSXPlace)|PSXPlace Confirmed|0 009E0CE4 60000000;0 009E0D64 60000000;0 009A5F38 28030001;0 009A5E0C 28030001;0 009A5F28 38800001|Community confirmed on real PS3 hardware. Source file: Shadows Of The Damned.|120
BLUS30565|01.01|unlock|known|ncl|Unlock FPS (PSXPlace)|PSXPlace Confirmed|0 0077D8E8 38600001;0 0073283C 38600001;0 0077F6E8 38600001;0 0072CC6C 28030000;0 0072CB30 28030000|Community confirmed on real PS3 hardware. Source file: Silent Hill Downpour.|120
BLES00460|01.00|unlock|known|ncl|Unlock FPS (PSXPlace)|PSXPlace Confirmed|0 0005A6BC 38000001|Community confirmed on real PS3 hardware. Source file: Silent Hill Homecoming.|120
BCES00294|01.00|unlock|known|ncl|Unlock FPS (PSXPlace)|PSXPlace Confirmed|0 002E8404 38600001;0 002FA99C 38600001;0 00022818 4E800020|Community confirmed on real PS3 hardware. Source file: Siren Blood Curse.|120
BLUS31202|01.00|unlock|known|ncl|Unlock FPS (PSXPlace)|PSXPlace Confirmed|0 008EDB64 F8051C60|Community confirmed on real PS3 hardware. Source file: Skyrim.|120
BLUS30927|01.04|unlock|known|ncl|Unlock FPS (PSXPlace)|PSXPlace Confirmed|0 00898BB8 60000000;0 00898CBC 60000000;0 00898AC4 60000000;0 00898AD8 60000000;0 00898AB4 60000000|Community confirmed on real PS3 hardware. Source file: Sleeping Dogs.|120
BLES00144|01.20|unlock|known|ncl|Unlock FPS (PSXPlace)|PSXPlace Confirmed|0 00B9FF70 60000000|Community confirmed on real PS3 hardware. Source file: STRANGLEHOLD.|120
BLUS31006|*|unlock|known|ncl|Unlock FPS (PSXPlace)|PSXPlace Confirmed|0 00710694 38600001;0 0023F114 3A900001|Community confirmed on real PS3 hardware. Source file: Tales of Xillia.|120
BLUS30780|01.02|unlock|known|ncl|Unlock FPS (PSXPlace)|PSXPlace Confirmed|0 01FB8D14 00000000|Community confirmed on real PS3 hardware. Source file: The Bureau XCOM Declassified.|120
BLES01916|01.05|unlock|known|ncl|Unlock FPS (PSXPlace)|PSXPlace Confirmed|0 00259328 38600001;0 0025C100 48000050|Community confirmed on real PS3 hardware. Source file: The Evil Within.|120
BLES00477|01.01|unlock|known|ncl|Unlock FPS (PSXPlace)|PSXPlace Confirmed|0 0074F1BC 42800030;0 00750454 38600001;0 00751AA8 38600001;0 00750620 38600001|Community confirmed on real PS3 hardware. Source file: The Godfather II.|120
BCES01585|01.11|unlock|known|ncl|Unlock FPS (PSXPlace)|PSXPlace Confirmed|0 00039D08 38A00000|Community confirmed on real PS3 hardware. Source file: The Last of Us.|120
BLES00153|01.10|unlock|known|ncl|Unlock FPS (RPCS3) [Tested]|PSXPlace Confirmed|0 00C471C4 60000000|Community confirmed on real PS3 hardware. Source file: The Orange Box Half-Life 2.|120
BLUS30055|01.10|unlock|known|ncl|Unlock FPS (RPCS3) [Tested]|PSXPlace Confirmed|0 00C471C4 60000000|Community confirmed on real PS3 hardware. Source file: The Orange Box Half-Life 2.|120
BLES00153|01.10|unlock|known|ncl|Unlock FPS (PSXPlace) [Tested]|PSXPlace Confirmed|0 00C477F4 60000000|Community confirmed on real PS3 hardware. Source file: The Orange Box Half-Life 2.|120
BLUS30055|01.10|unlock|known|ncl|Unlock FPS (PSXPlace) [Tested]|PSXPlace Confirmed|0 00C477F4 60000000|Community confirmed on real PS3 hardware. Source file: The Orange Box Half-Life 2.|120
BLES01766|01.03|unlock|known|ncl|Unlock FPS (PSXPlace)|PSXPlace Confirmed|0 00210450 38600001;0 00BB2080 38800000;0 00BB2090 38800000|Community confirmed on real PS3 hardware. Source file: Tom Clancy's Splinter Cell Blacklist.|120
BLES01879|01.03|unlock|known|ncl|Unlock FPS (PSXPlace)|PSXPlace Confirmed|0 00210450 38600001;0 00BB2080 38800000;0 00BB2090 38800000|Community confirmed on real PS3 hardware. Source file: Tom Clancy's Splinter Cell Blacklist.|120
BLUS31025|01.03|unlock|known|ncl|Unlock FPS (PSXPlace)|PSXPlace Confirmed|0 00210450 38600001;0 00BB2080 38800000;0 00BB2090 38800000|Community confirmed on real PS3 hardware. Source file: Tom Clancy's Splinter Cell Blacklist.|120
BLUS31036|01.03|unlock|known|ncl|Unlock FPS (PSXPlace)|PSXPlace Confirmed|0 0028F0C8 60000000|Community confirmed on real PS3 hardware. Source file: Tomb Raider.|120
BLES00833|01.01|unlock|known|ncl|Unlock FPS (PSXPlace)|PSXPlace Confirmed|0 0020099C C03F0BB8|Community confirmed on real PS3 hardware. Source file: Transformers War For Cybertron.|120
BLUS30357|01.01|unlock|known|ncl|Unlock FPS (PSXPlace)|PSXPlace Confirmed|0 0020099C C03F0BB8|Community confirmed on real PS3 hardware. Source file: Transformers War For Cybertron.|120
BCES00065|01.01|unlock|known|ncl|Unlock FPS (PSXPlace)|PSXPlace Confirmed|0 00BB4350 00000001|Community confirmed on real PS3 hardware. Source file: Uncharted Drake's Fortune.|120
BLES01347|01.05|unlock|known|ncl|Unlock FPS (PSXPlace)|PSXPlace Confirmed|0 0003F970 60000000|Community confirmed on real PS3 hardware. Source file: Warhammer 40000 Space Marine.|120
BLUS31176|01.04|unlock|known|ncl|Unlock FPS (PSXPlace)|PSXPlace Confirmed|0 00EE7C00 60000000;0 00EE7C04 38800000|Community confirmed on real PS3 hardware. Source file: WATCH_DOGS.|120
BLES00707|01.00|unlock|known|ncl|Unlock FPS (PSXPlace)|PSXPlace Confirmed|0 00964704 60000000|Community confirmed on real PS3 hardware. Source file: WET.|120
BLES00467|*|60|unavailable|none|Use FPS ilimitado / +60|Nascar1243 / PS3-FPS-Patches||Entrada 60 FPS bloqueada: o mesmo payload ja existe como desbloqueio confirmado e a copia publica nao confirma alvo 60 separado.
BLUS30185|01.61|60|unavailable|none|Use FPS ilimitado / +60|Nascar1243 / PS3-FPS-Patches||Entrada 60 FPS bloqueada: o mesmo payload ja existe como desbloqueio confirmado e a copia publica nao confirma alvo 60 separado.
BLES01475|01.00|60|unavailable|none|Use FPS ilimitado / +60|Nascar1243 / PS3-FPS-Patches||Entrada 60 FPS bloqueada: o mesmo payload ja existe como desbloqueio confirmado e a copia publica nao confirma alvo 60 separado.
BCAS20013|01.00|60|unavailable|none|Use FPS ilimitado / +60|Nascar1243 / PS3-FPS-Patches||Entrada 60 FPS bloqueada: o mesmo payload ja existe como desbloqueio confirmado e a copia publica nao confirma alvo 60 separado.
BCES00050|01.00|60|unavailable|none|Use FPS ilimitado / +60|Nascar1243 / PS3-FPS-Patches||Entrada 60 FPS bloqueada: o mesmo payload ja existe como desbloqueio confirmado e a copia publica nao confirma alvo 60 separado.
BCUS98147|01.00|60|unavailable|none|Use FPS ilimitado / +60|Nascar1243 / PS3-FPS-Patches||Entrada 60 FPS bloqueada: o mesmo payload ja existe como desbloqueio confirmado e a copia publica nao confirma alvo 60 separado.
BLUS30127|01.00|60|unavailable|none|Use FPS ilimitado / +60|Nascar1243 / PS3-FPS-Patches||Entrada 60 FPS bloqueada: o mesmo payload ja existe como desbloqueio confirmado e a copia publica nao confirma alvo 60 separado.
BLUS31431|01.00|60|unavailable|none|Use FPS ilimitado / +60|Nascar1243 / PS3-FPS-Patches||Entrada 60 FPS bloqueada: o mesmo payload ja existe como desbloqueio confirmado e a copia publica nao confirma alvo 60 separado.
BLES00517|01.02|60|unavailable|none|Use FPS ilimitado / +60|Nascar1243 / PS3-FPS-Patches||Entrada 60 FPS bloqueada: o mesmo payload ja existe como desbloqueio confirmado e a copia publica nao confirma alvo 60 separado.
BLUS30400|01.02|60|unavailable|none|Use FPS ilimitado / +60|Nascar1243 / PS3-FPS-Patches||Entrada 60 FPS bloqueada: o mesmo payload ja existe como desbloqueio confirmado e a copia publica nao confirma alvo 60 separado.
BLUS31554|01.00|60|unavailable|none|Use FPS ilimitado / +60|Nascar1243 / PS3-FPS-Patches||Entrada 60 FPS bloqueada: o mesmo payload ja existe como desbloqueio confirmado e a copia publica nao confirma alvo 60 separado.
MRTC00002|01.02|60|unavailable|none|Use FPS ilimitado / +60|Nascar1243 / PS3-FPS-Patches||Entrada 60 FPS bloqueada: o mesmo payload ja existe como desbloqueio confirmado e a copia publica nao confirma alvo 60 separado.
BLUS31020|01.02|60|unavailable|none|Use FPS ilimitado / +60|Nascar1243 / PS3-FPS-Patches||Entrada 60 FPS bloqueada: o mesmo payload ja existe como desbloqueio confirmado e a copia publica nao confirma alvo 60 separado.
BLUS30109|*|60|unavailable|none|Use FPS ilimitado / +60|Nascar1243 / PS3-FPS-Patches||Entrada 60 FPS bloqueada: o mesmo payload ja existe como desbloqueio confirmado e a copia publica nao confirma alvo 60 separado.
BCUS98137|01.00|60|unavailable|none|Use FPS ilimitado / +60|Nascar1243 / PS3-FPS-Patches||Entrada 60 FPS bloqueada: o mesmo payload ja existe como desbloqueio confirmado e a copia publica nao confirma alvo 60 separado.
BLUS30029|01.00|60|unavailable|none|Use FPS ilimitado / +60|Nascar1243 / PS3-FPS-Patches||Entrada 60 FPS bloqueada: o mesmo payload ja existe como desbloqueio confirmado e a copia publica nao confirma alvo 60 separado.
BLUS98120|01.60|60|untested|ncl_constant|Unlock FPS|Nascar1243 / PS3-FPS-Patches|0 0065066C 4800|Public Artemis/NCL code by Nascar1243. Not confirmed by PSUF on this PS3. Source file: Resistance 2.|120
BCUS98176|01.05|60|unavailable|none|Use FPS ilimitado / +60|Nascar1243 / PS3-FPS-Patches||Entrada 60 FPS bloqueada: o mesmo payload ja existe como desbloqueio confirmado e a copia publica nao confirma alvo 60 separado.
BLUS30253|01.02|60|unavailable|none|Use FPS ilimitado / +60|Nascar1243 / PS3-FPS-Patches||Entrada 60 FPS bloqueada: o mesmo payload ja existe como desbloqueio confirmado e a copia publica nao confirma alvo 60 separado.
BLUS30464|01.05|60|unavailable|none|Use FPS ilimitado / +60|Nascar1243 / PS3-FPS-Patches||Entrada 60 FPS bloqueada: o mesmo payload ja existe como desbloqueio confirmado e a copia publica nao confirma alvo 60 separado.
BLUS30778|01.00|60|unavailable|none|Use FPS ilimitado / +60|Nascar1243 / PS3-FPS-Patches||Entrada 60 FPS bloqueada: o mesmo payload ja existe como desbloqueio confirmado e a copia publica nao confirma alvo 60 separado.
BLUS31202|01.00|60|unavailable|none|Use FPS ilimitado / +60|Nascar1243 / PS3-FPS-Patches||Entrada 60 FPS bloqueada: o mesmo payload ja existe como desbloqueio confirmado e a copia publica nao confirma alvo 60 separado.
BCUS98213|01.09|60|unavailable|none|Use FPS ilimitado / +60|Nascar1243 / PS3-FPS-Patches||Entrada 60 FPS bloqueada: o mesmo payload ja existe como desbloqueio confirmado e a copia publica nao confirma alvo 60 separado.
BCES00065|01.10|60|unavailable|none|Use FPS ilimitado / +60|Nascar1243 / PS3-FPS-Patches||Entrada 60 FPS bloqueada: o mesmo payload ja existe como desbloqueio confirmado e a copia publica nao confirma alvo 60 separado.
BCUS98103|01.10|60|unavailable|none|Use FPS ilimitado / +60|Nascar1243 / PS3-FPS-Patches||Entrada 60 FPS bloqueada: o mesmo payload ja existe como desbloqueio confirmado e a copia publica nao confirma alvo 60 separado.
BLUS30607|01.00|60|unavailable|none|Use FPS ilimitado / +60|ArtemisPS3 docs/codes||Entrada 60 FPS bloqueada: o mesmo payload ja existe como desbloqueio confirmado e a copia publica nao confirma alvo 60 separado.
BLES01455|01.05|60|unavailable|none|Use FPS ilimitado / +60|ArtemisPS3 docs/codes||Entrada 60 FPS bloqueada: o mesmo payload ja existe como desbloqueio confirmado e a copia publica nao confirma alvo 60 separado.
BLUS30862|01.05|60|unavailable|none|Use FPS ilimitado / +60|ArtemisPS3 docs/codes||Entrada 60 FPS bloqueada: o mesmo payload ja existe como desbloqueio confirmado e a copia publica nao confirma alvo 60 separado.
BLUS30341|01.00|60|unavailable|none|Use FPS ilimitado / +60|ArtemisPS3 docs/codes||Entrada 60 FPS bloqueada: o mesmo payload ja existe como desbloqueio confirmado e a copia publica nao confirma alvo 60 separado.
BLUS30721|01.02|60|unavailable|none|Use FPS ilimitado / +60|ArtemisPS3 docs/codes||Entrada 60 FPS bloqueada: o mesmo payload ja existe como desbloqueio confirmado e a copia publica nao confirma alvo 60 separado.
BLES01684|01.02|60|unavailable|none|Use FPS ilimitado / +60|ArtemisPS3 docs/codes||Entrada 60 FPS bloqueada: o mesmo payload ja existe como desbloqueio confirmado e a copia publica nao confirma alvo 60 separado.
BLES00562|01.02|60|unavailable|none|Use FPS ilimitado / +60|ArtemisPS3 docs/codes||Entrada 60 FPS bloqueada: o mesmo payload ja existe como desbloqueio confirmado e a copia publica nao confirma alvo 60 separado.
BLES01134|01.03|60|unavailable|none|Use FPS ilimitado / +60|ArtemisPS3 docs/codes||Entrada 60 FPS bloqueada: o mesmo payload ja existe como desbloqueio confirmado e a copia publica nao confirma alvo 60 separado.
BLES01040|01.02|60|unavailable|none|Use FPS ilimitado / +60|ArtemisPS3 docs/codes||Entrada 60 FPS bloqueada: o mesmo payload ja existe como desbloqueio confirmado e a copia publica nao confirma alvo 60 separado.
BLES01733|01.02|60|unavailable|none|Use FPS ilimitado / +60|ArtemisPS3 docs/codes||Entrada 60 FPS bloqueada: o mesmo payload ja existe como desbloqueio confirmado e a copia publica nao confirma alvo 60 separado.
BLUS31053|01.02|60|unavailable|none|Use FPS ilimitado / +60|ArtemisPS3 docs/codes||Entrada 60 FPS bloqueada: o mesmo payload ja existe como desbloqueio confirmado e a copia publica nao confirma alvo 60 separado.
BLUS31317|01.00|60|unavailable|none|Use FPS ilimitado / +60|ArtemisPS3 docs/codes||Entrada 60 FPS bloqueada: o mesmo payload ja existe como desbloqueio confirmado e a copia publica nao confirma alvo 60 separado.
NPUB31099|01.00|60|unavailable|none|Use FPS ilimitado / +60|ArtemisPS3 docs/codes||Entrada 60 FPS bloqueada: o mesmo payload ja existe como desbloqueio confirmado e a copia publica nao confirma alvo 60 separado.
BLES01147|01.03|60|unavailable|none|Use FPS ilimitado / +60|ArtemisPS3 docs/codes||Entrada 60 FPS bloqueada: o mesmo payload ja existe como desbloqueio confirmado e a copia publica nao confirma alvo 60 separado.
BLES00989|01.01|60|unavailable|none|Use FPS ilimitado / +60|ArtemisPS3 docs/codes||Entrada 60 FPS bloqueada: o mesmo payload ja existe como desbloqueio confirmado e a copia publica nao confirma alvo 60 separado.
BLUS30451|01.00|60|unavailable|none|Use FPS ilimitado / +60|ArtemisPS3 docs/codes||Entrada 60 FPS bloqueada: o mesmo payload ja existe como desbloqueio confirmado e a copia publica nao confirma alvo 60 separado.
BLUS30888|01.00|60|unavailable|none|Use FPS ilimitado / +60|ArtemisPS3 docs/codes||Entrada 60 FPS bloqueada: o mesmo payload ja existe como desbloqueio confirmado e a copia publica nao confirma alvo 60 separado.
BLES01128|01.00|60|unavailable|none|Use FPS ilimitado / +60|ArtemisPS3 docs/codes||Entrada 60 FPS bloqueada: o mesmo payload ja existe como desbloqueio confirmado e a copia publica nao confirma alvo 60 separado.
BLES00157|01.01|60|unavailable|none|Use FPS ilimitado / +60|ArtemisPS3 docs/codes||Entrada 60 FPS bloqueada: o mesmo payload ja existe como desbloqueio confirmado e a copia publica nao confirma alvo 60 separado.
BLES00169|01.01|60|unavailable|none|Use FPS ilimitado / +60|ArtemisPS3 docs/codes||Entrada 60 FPS bloqueada: o mesmo payload ja existe como desbloqueio confirmado e a copia publica nao confirma alvo 60 separado.
BLUS30094|01.01|60|unavailable|none|Use FPS ilimitado / +60|ArtemisPS3 docs/codes||Entrada 60 FPS bloqueada: o mesmo payload ja existe como desbloqueio confirmado e a copia publica nao confirma alvo 60 separado.
BLES00962|01.04|60|unavailable|none|Use FPS ilimitado / +60|ArtemisPS3 docs/codes||Entrada 60 FPS bloqueada: o mesmo payload ja existe como desbloqueio confirmado e a copia publica nao confirma alvo 60 separado.
NPUB30383|01.00|60|unavailable|none|Use FPS ilimitado / +60|ArtemisPS3 docs/codes||Entrada 60 FPS bloqueada: o mesmo payload ja existe como desbloqueio confirmado e a copia publica nao confirma alvo 60 separado.
BLUS30374|01.00|60|unavailable|none|Use FPS ilimitado / +60|ArtemisPS3 docs/codes||Entrada 60 FPS bloqueada: o mesmo payload ja existe como desbloqueio confirmado e a copia publica nao confirma alvo 60 separado.
BCAS20292|01.00|60|unavailable|none|Use FPS ilimitado / +60|ArtemisPS3 docs/codes||Entrada 60 FPS bloqueada: o mesmo payload ja existe como desbloqueio confirmado e a copia publica nao confirma alvo 60 separado.
BCES00081|01.29|60|unavailable|none|Use FPS ilimitado / +60|ArtemisPS3 docs/codes||Entrada 60 FPS bloqueada: o mesmo payload ja existe como desbloqueio confirmado e a copia publica nao confirma alvo 60 separado.
BCUS98116|01.29|60|unavailable|none|Use FPS ilimitado / +60|ArtemisPS3 docs/codes||Entrada 60 FPS bloqueada: o mesmo payload ja existe como desbloqueio confirmado e a copia publica nao confirma alvo 60 separado.
BLUS31460|01.00|60|untested|ncl|60 FPS|ArtemisPS3 docs/codes|0 00015AA4 38600000;0 00076859 38600000|Imported from ArtemisPS3 docs/codes. Not confirmed by PSUF on this PS3. Source file: Kingdom Hearts 2.5 HD ReMIX.|120
BLES01525|01.00|60|unavailable|none|Use FPS ilimitado / +60|ArtemisPS3 docs/codes||Entrada 60 FPS bloqueada: o mesmo payload ja existe como desbloqueio confirmado e a copia publica nao confirma alvo 60 separado.
BLUS30917|01.00|60|unavailable|none|Use FPS ilimitado / +60|ArtemisPS3 docs/codes||Entrada 60 FPS bloqueada: o mesmo payload ja existe como desbloqueio confirmado e a copia publica nao confirma alvo 60 separado.
MRTC00002|01.01|60|unavailable|none|Use FPS ilimitado / +60|ArtemisPS3 docs/codes||Entrada 60 FPS bloqueada: o mesmo payload ja existe como desbloqueio confirmado e a copia publica nao confirma alvo 60 separado.
MRTC00014|01.01|60|unavailable|none|Use FPS ilimitado / +60|ArtemisPS3 docs/codes||Entrada 60 FPS bloqueada: o mesmo payload ja existe como desbloqueio confirmado e a copia publica nao confirma alvo 60 separado.
BLUS30754|01.00|60|unavailable|none|Use FPS ilimitado / +60|ArtemisPS3 docs/codes||Entrada 60 FPS bloqueada: o mesmo payload ja existe como desbloqueio confirmado e a copia publica nao confirma alvo 60 separado.
BLES01532|01.00|60|unavailable|none|Use FPS ilimitado / +60|ArtemisPS3 docs/codes||Entrada 60 FPS bloqueada: o mesmo payload ja existe como desbloqueio confirmado e a copia publica nao confirma alvo 60 separado.
BLUS30756|01.00|60|unavailable|none|Use FPS ilimitado / +60|ArtemisPS3 docs/codes||Entrada 60 FPS bloqueada: o mesmo payload ja existe como desbloqueio confirmado e a copia publica nao confirma alvo 60 separado.
BCAS20200|01.03|60|unavailable|none|Use FPS ilimitado / +60|ArtemisPS3 docs/codes||Entrada 60 FPS bloqueada: o mesmo payload ja existe como desbloqueio confirmado e a copia publica nao confirma alvo 60 separado.
BCES01141|01.03|60|unavailable|none|Use FPS ilimitado / +60|ArtemisPS3 docs/codes||Entrada 60 FPS bloqueada: o mesmo payload ja existe como desbloqueio confirmado e a copia publica nao confirma alvo 60 separado.
BCJS30081|01.03|60|unavailable|none|Use FPS ilimitado / +60|ArtemisPS3 docs/codes||Entrada 60 FPS bloqueada: o mesmo payload ja existe como desbloqueio confirmado e a copia publica nao confirma alvo 60 separado.
BCUS98175|01.03|60|unavailable|none|Use FPS ilimitado / +60|ArtemisPS3 docs/codes||Entrada 60 FPS bloqueada: o mesmo payload ja existe como desbloqueio confirmado e a copia publica nao confirma alvo 60 separado.
NPEA00356|01.03|60|unavailable|none|Use FPS ilimitado / +60|ArtemisPS3 docs/codes||Entrada 60 FPS bloqueada: o mesmo payload ja existe como desbloqueio confirmado e a copia publica nao confirma alvo 60 separado.
BCUS99245|01.00|60|unavailable|none|Use FPS ilimitado / +60|ArtemisPS3 docs/codes||Entrada 60 FPS bloqueada: o mesmo payload ja existe como desbloqueio confirmado e a copia publica nao confirma alvo 60 separado.
BCES01908|01.01|60|unavailable|none|Use FPS ilimitado / +60|ArtemisPS3 docs/codes||Entrada 60 FPS bloqueada: o mesmo payload ja existe como desbloqueio confirmado e a copia publica nao confirma alvo 60 separado.
BLES01701|01.00|60|unavailable|none|Use FPS ilimitado / +60|ArtemisPS3 docs/codes||Entrada 60 FPS bloqueada: o mesmo payload ja existe como desbloqueio confirmado e a copia publica nao confirma alvo 60 separado.
BLES00816|01.01|60|unavailable|none|Use FPS ilimitado / +60|ArtemisPS3 docs/codes||Entrada 60 FPS bloqueada: o mesmo payload ja existe como desbloqueio confirmado e a copia publica nao confirma alvo 60 separado.
BLUS30855|01.01|60|unavailable|none|Use FPS ilimitado / +60|ArtemisPS3 docs/codes||Entrada 60 FPS bloqueada: o mesmo payload ja existe como desbloqueio confirmado e a copia publica nao confirma alvo 60 separado.
NPEB02076|01.00|60|unavailable|none|Use FPS ilimitado / +60|ArtemisPS3 docs/codes||Entrada 60 FPS bloqueada: o mesmo payload ja existe como desbloqueio confirmado e a copia publica nao confirma alvo 60 separado.
NPJB00653|01.00|60|unavailable|none|Use FPS ilimitado / +60|ArtemisPS3 docs/codes||Entrada 60 FPS bloqueada: o mesmo payload ja existe como desbloqueio confirmado e a copia publica nao confirma alvo 60 separado.
NPUB31552|01.00|60|unavailable|none|Use FPS ilimitado / +60|ArtemisPS3 docs/codes||Entrada 60 FPS bloqueada: o mesmo payload ja existe como desbloqueio confirmado e a copia publica nao confirma alvo 60 separado.
BLUS31444|01.00|60|unavailable|none|Use FPS ilimitado / +60|ArtemisPS3 docs/codes||Entrada 60 FPS bloqueada: o mesmo payload ja existe como desbloqueio confirmado e a copia publica nao confirma alvo 60 separado.
NPEB00816|01.00|60|unavailable|none|Use FPS ilimitado / +60|ArtemisPS3 docs/codes||Entrada 60 FPS bloqueada: o mesmo payload ja existe como desbloqueio confirmado e a copia publica nao confirma alvo 60 separado.
NPUB30648|01.00|60|unavailable|none|Use FPS ilimitado / +60|ArtemisPS3 docs/codes||Entrada 60 FPS bloqueada: o mesmo payload ja existe como desbloqueio confirmado e a copia publica nao confirma alvo 60 separado.
NPEB00817|01.01|60|unavailable|none|Use FPS ilimitado / +60|ArtemisPS3 docs/codes||Entrada 60 FPS bloqueada: o mesmo payload ja existe como desbloqueio confirmado e a copia publica nao confirma alvo 60 separado.
NPUB30650|01.01|60|unavailable|none|Use FPS ilimitado / +60|ArtemisPS3 docs/codes||Entrada 60 FPS bloqueada: o mesmo payload ja existe como desbloqueio confirmado e a copia publica nao confirma alvo 60 separado.
BCES01118|01.00|60|unavailable|none|Use FPS ilimitado / +60|ArtemisPS3 docs/codes||Entrada 60 FPS bloqueada: o mesmo payload ja existe como desbloqueio confirmado e a copia publica nao confirma alvo 60 separado.
BCUS98176|01.00|60|unavailable|none|Use FPS ilimitado / +60|ArtemisPS3 docs/codes||Entrada 60 FPS bloqueada: o mesmo payload ja existe como desbloqueio confirmado e a copia publica nao confirma alvo 60 separado.
BLES01050|01.00|60|unavailable|none|Use FPS ilimitado / +60|ArtemisPS3 docs/codes||Entrada 60 FPS bloqueada: o mesmo payload ja existe como desbloqueio confirmado e a copia publica nao confirma alvo 60 separado.
BLES00676|01.00|60|unavailable|none|Use FPS ilimitado / +60|ArtemisPS3 docs/codes||Entrada 60 FPS bloqueada: o mesmo payload ja existe como desbloqueio confirmado e a copia publica nao confirma alvo 60 separado.
BLES01276|01.00|60|unavailable|none|Use FPS ilimitado / +60|ArtemisPS3 docs/codes||Entrada 60 FPS bloqueada: o mesmo payload ja existe como desbloqueio confirmado e a copia publica nao confirma alvo 60 separado.
BCES00294|01.00|60|unavailable|none|Use FPS ilimitado / +60|ArtemisPS3 docs/codes||Entrada 60 FPS bloqueada: o mesmo payload ja existe como desbloqueio confirmado e a copia publica nao confirma alvo 60 separado.
BLUS30927|01.04|60|unavailable|none|Use FPS ilimitado / +60|ArtemisPS3 docs/codes||Entrada 60 FPS bloqueada: o mesmo payload ja existe como desbloqueio confirmado e a copia publica nao confirma alvo 60 separado.
BLJS10248|01.00|60|untested|ncl|Unlock FPS|ArtemisPS3 docs/codes|0 0072A6CC 38600004;0 001708E8 38600004;0 0002F954 3B800004;0 001704AC 3B600004;0 00175C9C 3B600004;0 001D3218 3B600004;0 001D82D8 3B200004;0 0002F8A8 3B800004;0 000A37C4 3B000004;0 000A40FC 39600004;0 0016CC24 38C00004;0 001703B4 3B600004;0 001D312C 3B600004;0 001D8150 3B200004|Imported from ArtemisPS3 docs/codes. Not confirmed by PSUF on this PS3. Source file: Super Robot Taisen OG Infinite Battle.|120
BLUS30780|01.02|60|unavailable|none|Use FPS ilimitado / +60|ArtemisPS3 docs/codes||Entrada 60 FPS bloqueada: o mesmo payload ja existe como desbloqueio confirmado e a copia publica nao confirma alvo 60 separado.
BLES00153|01.10|60|unavailable|none|Use FPS ilimitado / +60|ArtemisPS3 docs/codes||Entrada 60 FPS bloqueada: o mesmo payload ja existe como desbloqueio confirmado e a copia publica nao confirma alvo 60 separado.
BLUS30055|01.10|60|unavailable|none|Use FPS ilimitado / +60|ArtemisPS3 docs/codes||Entrada 60 FPS bloqueada: o mesmo payload ja existe como desbloqueio confirmado e a copia publica nao confirma alvo 60 separado.
BLES01766|01.03|60|unavailable|none|Use FPS ilimitado / +60|ArtemisPS3 docs/codes||Entrada 60 FPS bloqueada: o mesmo payload ja existe como desbloqueio confirmado e a copia publica nao confirma alvo 60 separado.
BLES01879|01.03|60|unavailable|none|Use FPS ilimitado / +60|ArtemisPS3 docs/codes||Entrada 60 FPS bloqueada: o mesmo payload ja existe como desbloqueio confirmado e a copia publica nao confirma alvo 60 separado.
BLUS31025|01.03|60|unavailable|none|Use FPS ilimitado / +60|ArtemisPS3 docs/codes||Entrada 60 FPS bloqueada: o mesmo payload ja existe como desbloqueio confirmado e a copia publica nao confirma alvo 60 separado.
BLES00833|01.01|60|unavailable|none|Use FPS ilimitado / +60|ArtemisPS3 docs/codes||Entrada 60 FPS bloqueada: o mesmo payload ja existe como desbloqueio confirmado e a copia publica nao confirma alvo 60 separado.
BLUS30357|01.01|60|unavailable|none|Use FPS ilimitado / +60|ArtemisPS3 docs/codes||Entrada 60 FPS bloqueada: o mesmo payload ja existe como desbloqueio confirmado e a copia publica nao confirma alvo 60 separado.
BLES01347|01.05|60|unavailable|none|Use FPS ilimitado / +60|ArtemisPS3 docs/codes||Entrada 60 FPS bloqueada: o mesmo payload ja existe como desbloqueio confirmado e a copia publica nao confirma alvo 60 separado.
BLES00875|01.00|60|untested|ncl|Unlock FPS (RPCS3)|RPCS3 converted USERLIST|0 0002A6AC 60000000;0 00029BF0 60000000|Converted from RPCS3/community data. Not confirmed on this PS3. Source file: 3D Dot Game Heroes.|120
BLES00875|01.01|60|untested|ncl|Unlock FPS v01.00 (RPCS3)|RPCS3 converted USERLIST|0 0002A6AC 60000000;0 00029BF0 60000000|Converted from RPCS3/community data. Not confirmed on this PS3. Source file: 3D Dot Game Heroes.|120
BLJM60180|01.00|60|untested|ncl|Unlock FPS (RPCS3)|RPCS3 converted USERLIST|0 0002A6AC 60000000;0 00029BF0 60000000|Converted from RPCS3/community data. Not confirmed on this PS3. Source file: 3D Dot Game Heroes.|120
BLUS30490|01.00|60|untested|ncl|Unlock FPS (RPCS3)|RPCS3 converted USERLIST|0 0002A6AC 60000000;0 00029BF0 60000000|Converted from RPCS3/community data. Not confirmed on this PS3. Source file: 3D Dot Game Heroes.|120
BLJM60180|01.01|60|untested|ncl|Unlock FPS v01.20 (RPCS3)|RPCS3 converted USERLIST|0 0002A6C4 60000000;0 00029C08 60000000|Converted from RPCS3/community data. Not confirmed on this PS3. Source file: 3D Dot Game Heroes.|120
BLES01265|01.00|60|untested|ncl|Unlock FPS (RPCS3) [Tested]|RPCS3 converted USERLIST|0 0034CAD0 60000000|Converted from RPCS3/community data. Not confirmed on this PS3. Source file: Alice Madness Returns.|120
NPEB00625|01.00|60|untested|ncl|Unlock FPS (RPCS3) [Tested]|RPCS3 converted USERLIST|0 0034CA98 60000000|Converted from RPCS3/community data. Not confirmed on this PS3. Source file: Alice Madness Returns.|120
BLES01697|01.00|60|untested|ncl|Unlock FPS (PSXPlace)|RPCS3 converted USERLIST|0 004E2998 38A00001|Converted from RPCS3/community data. Not confirmed on this PS3. Source file: Alien Isolation.|120
BLES01697|01.01|60|untested|ncl|Unlock FPS (PSXPlace)|RPCS3 converted USERLIST|0 004E2998 38A00001|Converted from RPCS3/community data. Not confirmed on this PS3. Source file: Alien Isolation.|120
NPEB01088|01.00|60|unavailable|none|Use FPS ilimitado / +60|RPCS3 converted USERLIST||Entrada 60 FPS bloqueada: o mesmo payload ja existe como desbloqueio confirmado e a copia publica nao confirma alvo 60 separado.
NPEB01088|01.00|60|untested|ncl|Unlock FPS (RPCS3)|RPCS3 converted USERLIST|0 00349394 60000000|Converted from RPCS3/community data. Not confirmed on this PS3. Source file: Alien Rage.|120
NPUB30308|01.00|60|untested|ncl|Unlock FPS (RPCS3)|RPCS3 converted USERLIST|0 00346420 60000000|Converted from RPCS3/community data. Not confirmed on this PS3. Source file: All Zombies Must Die.|120
BLES00704|01.00|60|untested|ncl|Unlock FPS (RPCS3)|RPCS3 converted USERLIST|0 00D78D48 60000000|Converted from RPCS3/community data. Not confirmed on this PS3. Source file: Alpha Protocol.|120
BLES01232|*|60|untested|ncl|60 FPS (RPCS3)|RPCS3 converted USERLIST|0 0043CBC8 3C603C88|Converted from RPCS3/community data. Not confirmed on this PS3. Source file: Anarchy Reigns.|120
BLES00168|01.00|60|untested|ncl|60 FPS (RPCS3)|RPCS3 converted USERLIST|0 0193D5A8 3C888889|Converted from RPCS3/community data. Not confirmed on this PS3. Source file: Army Of Two.|120
BLUS30057|01.00|60|untested|ncl|60 FPS (RPCS3)|RPCS3 converted USERLIST|0 0193D5A8 3C888889|Converted from RPCS3/community data. Not confirmed on this PS3. Source file: Army Of Two.|120
BLES01763|01.00|60|untested|ncl|60 FPS (RPCS3)|RPCS3 converted USERLIST|0 016E209E 4270;0 00140C28 3BC0003C;0 004E9C44 3BA00001|Converted from RPCS3/community data. Not confirmed on this PS3. Source file: Army Of Two Le Cartel Du Diable.|120
BLJM60518|01.00|60|untested|ncl|60 FPS (RPCS3)|RPCS3 converted USERLIST|0 016E209E 4270;0 00140C28 3BC0003C;0 004E9C44 3BA00001|Converted from RPCS3/community data. Not confirmed on this PS3. Source file: Army Of Two Le Cartel Du Diable.|120
BLUS31069|01.00|60|untested|ncl|60 FPS (RPCS3)|RPCS3 converted USERLIST|0 016E209E 4270;0 00140C28 3BC0003C;0 004E9C44 3BA00001|Converted from RPCS3/community data. Not confirmed on this PS3. Source file: Army Of Two Le Cartel Du Diable.|120
BLES00659|01.00|60|untested|ncl|Unlock FPS (RPCS3)|RPCS3 converted USERLIST|0 003C5F9C 60000000;0 003C6000 60000000;0 003C6010 60000000|Converted from RPCS3/community data. Not confirmed on this PS3. Source file: Army Of Two The 40th Day.|120
BLES00659|01.02|60|untested|ncl|Unlock FPS (RPCS3)|RPCS3 converted USERLIST|0 003CC00C 60000000;0 003CC070 60000000;0 003CC080 60000000|Converted from RPCS3/community data. Not confirmed on this PS3. Source file: Army Of Two The 40th Day.|120
BLUS30408|01.00|60|untested|ncl|Unlock FPS (RPCS3)|RPCS3 converted USERLIST|0 003C5F9C 60000000;0 003C6000 60000000;0 003C6010 60000000|Converted from RPCS3/community data. Not confirmed on this PS3. Source file: Army Of Two The 40th Day.|120
BLES01763|01.01|60|untested|ncl|60 FPS (RPCS3)|RPCS3 converted USERLIST|0 016E209E 4270;0 00140C28 3BC0003C;0 004E9C44 3BA00001|Converted from RPCS3/community data. Not confirmed on this PS3. Source file: Army Of Two The Devil's Cartel.|120
BLUS31069|01.01|60|untested|ncl|60 FPS (RPCS3)|RPCS3 converted USERLIST|0 016E209E 4270;0 00140C28 3BC0003C;0 004E9C44 3BA00001|Converted from RPCS3/community data. Not confirmed on this PS3. Source file: Army Of Two The Devil's Cartel.|120
BLUS30721|01.02|60|untested|ncl|Unlock FPS (RPCS3)|RPCS3 converted USERLIST|0 008BBD04 60000000;0 008BBD64 60000000;0 008BBD68 60000000|Converted from RPCS3/community data. Not confirmed on this PS3. Source file: Asura's Wrath.|120
BLES00503|01.01|60|untested|ncl|Unlock FPS (RPCS3)|RPCS3 converted USERLIST|0 000D1690 60000000|Converted from RPCS3/community data. Not confirmed on this PS3. Source file: Batman Arkham Asylum.|120
BLES00827|01.00|60|untested|ncl|Unlock FPS (RPCS3)|RPCS3 converted USERLIST|0 000D0A10 60000000|Converted from RPCS3/community data. Not confirmed on this PS3. Source file: Batman Arkham Asylum GOTY.|120
BLUS30515|01.00|60|untested|ncl|Unlock FPS (RPCS3)|RPCS3 converted USERLIST|0 000D0A10 60000000|Converted from RPCS3/community data. Not confirmed on this PS3. Source file: Batman Arkham Asylum GOTY.|120
BLES01275|01.00|60|untested|ncl|60 FPS v01.09 (RPCS3)|RPCS3 converted USERLIST|0 00272F58 38A00000;0 007D9A98 4BA99501;0 00272F98 3CC041F0;0 00272F9C 7F833000;0 00272FA0 419E0008;0 00272FA4 90640000;0 00272FA8 4E800020;0 0127CF26 4270;0 017D3F88 3F91;0 017D3F90 404E;0 017D3F98 3F91|Converted from RPCS3/community data. Not confirmed on this PS3. Source file: Battlefield 3.|120
BLUS30762|01.00|60|untested|ncl|60 FPS v01.09 (RPCS3)|RPCS3 converted USERLIST|0 00272F58 38A00000;0 007D9A98 4BA99501;0 00272F98 3CC041F0;0 00272F9C 7F833000;0 00272FA0 419E0008;0 00272FA4 90640000;0 00272FA8 4E800020;0 0127CF26 4270;0 017D3F88 3F91;0 017D3F90 404E;0 017D3F98 3F91|Converted from RPCS3/community data. Not confirmed on this PS3. Source file: Battlefield 3.|120
BLUS30762|01.01|60|untested|ncl|60 FPS v01.09 (RPCS3)|RPCS3 converted USERLIST|0 00272F58 38A00000;0 007D9A98 4BA99501;0 00272F98 3CC041F0;0 00272F9C 7F833000;0 00272FA0 419E0008;0 00272FA4 90640000;0 00272FA8 4E800020;0 0127CF26 4270;0 017D3F88 3F91;0 017D3F90 404E;0 017D3F98 3F91|Converted from RPCS3/community data. Not confirmed on this PS3. Source file: Battlefield 3.|120
BLES00261|01.00|60|untested|ncl|60 FPS v01.20 (RPCS3)|RPCS3 converted USERLIST|0 00010BD0 3C004270;0 0004864C 38800001;0 00048040 3BA00000|Converted from RPCS3/community data. Not confirmed on this PS3. Source file: Battlefield Bad Company Gold Edition.|120
BLJM61272|01.00|60|untested|ncl|Unlock FPS (RPCS3)|RPCS3 converted USERLIST|0 003C34F0 60000000|Converted from RPCS3/community data. Not confirmed on this PS3. Source file: Biohazard 0.|120
NPJB00726|01.00|60|untested|ncl|Unlock FPS (RPCS3)|RPCS3 converted USERLIST|0 003C34F0 60000000|Converted from RPCS3/community data. Not confirmed on this PS3. Source file: Biohazard 0.|120
BLJM60199|01.00|60|untested|ncl|Unlock FPS v01.01 (RPCS3)|RPCS3 converted USERLIST|0 00C27CC4 60000000;0 00C27CD0 60000000|Converted from RPCS3/community data. Not confirmed on this PS3. Source file: Biohazard 5 Alternative Edition.|120
BLJM60199|01.01|60|untested|ncl|Unlock FPS (RPCS3)|RPCS3 converted USERLIST|0 00C27CC4 60000000;0 00C27CD0 60000000|Converted from RPCS3/community data. Not confirmed on this PS3. Source file: Biohazard 5 Alternative Edition.|120
BLES01465|01.03|60|untested|ncl|Unlock FPS (PSXPlace)|RPCS3 converted USERLIST|0 010E5B18 60000000;0 010E5B2C 60000000|Converted from RPCS3/community data. Not confirmed on this PS3. Source file: Biohazard 6.|120
BLJM60405|01.03|60|untested|ncl|Unlock FPS (PSXPlace)|RPCS3 converted USERLIST|0 010E5B18 60000000;0 010E5B2C 60000000|Converted from RPCS3/community data. Not confirmed on this PS3. Source file: Biohazard 6.|120
BLUS30855|01.03|60|untested|ncl|Unlock FPS (PSXPlace)|RPCS3 converted USERLIST|0 010E5B18 60000000;0 010E5B2C 60000000|Converted from RPCS3/community data. Not confirmed on this PS3. Source file: Biohazard 6.|120
BLJM61211|01.00|60|untested|ncl|Unlock FPS (RPCS3)|RPCS3 converted USERLIST|0 007D23B4 60000000;0 007D23C8 60000000|Converted from RPCS3/community data. Not confirmed on this PS3. Source file: Biohazard Remaster.|120
NPJB00653|01.00|60|untested|ncl|Unlock FPS (RPCS3)|RPCS3 converted USERLIST|0 007CEEB4 60000000;0 007CEEC8 60000000|Converted from RPCS3/community data. Not confirmed on this PS3. Source file: Biohazard Remaster.|120
BLES00759|01.00|60|untested|ncl|Unlock FPS (PSXPlace)|RPCS3 converted USERLIST|0 0033CA5C 38600001|Converted from RPCS3/community data. Not confirmed on this PS3. Source file: Blur.|120
BLUS30295|01.00|60|untested|ncl|Unlock FPS (PSXPlace)|RPCS3 converted USERLIST|0 0033CA5C 38600001|Converted from RPCS3/community data. Not confirmed on this PS3. Source file: Blur.|120
BLES01684|01.00|60|untested|ncl|Unlock FPS v01.15 (RPCS3)|RPCS3 converted USERLIST|0 001EF34C 60000000|Converted from RPCS3/community data. Not confirmed on this PS3. Source file: Borderlands 2.|120
BLES01684|01.01|60|untested|ncl|Unlock FPS v01.15 (RPCS3)|RPCS3 converted USERLIST|0 001EF34C 60000000|Converted from RPCS3/community data. Not confirmed on this PS3. Source file: Borderlands 2.|120
BLES01684|01.15|60|untested|ncl|Unlock FPS (RPCS3) [Tested]|RPCS3 converted USERLIST|0 001EF34C 60000000|Converted from RPCS3/community data. Not confirmed on this PS3. Source file: Borderlands 2.|120
BLUS30982|01.15|60|untested|ncl|Unlock FPS (RPCS3) [Tested]|RPCS3 converted USERLIST|0 001EF34C 60000000|Converted from RPCS3/community data. Not confirmed on this PS3. Source file: Borderlands 2.|120
NPUB30898|01.15|60|untested|ncl|Unlock FPS (RPCS3) [Tested]|RPCS3 converted USERLIST|0 001EF34C 60000000|Converted from RPCS3/community data. Not confirmed on this PS3. Source file: Borderlands 2.|120
NPEB01144|01.00|60|untested|ncl|Unlock FPS (RPCS3) [Tested]|RPCS3 converted USERLIST|0 001ED76C 60000000|Converted from RPCS3/community data. Not confirmed on this PS3. Source file: Borderlands 2.|120
BLES01134|01.01|60|untested|ncl|Unlock FPS (PSXPlace)|RPCS3 converted USERLIST|0 009C1974 2C030001|Converted from RPCS3/community data. Not confirmed on this PS3. Source file: Bulletstorm.|120
BLUS30651|01.01|60|untested|ncl|Unlock FPS (PSXPlace)|RPCS3 converted USERLIST|0 009C1974 2C030001|Converted from RPCS3/community data. Not confirmed on this PS3. Source file: Bulletstorm.|120
BLES01134|01.00|60|untested|ncl|Unlock FPS (PSXPlace)|RPCS3 converted USERLIST|0 009C1974 2C030001|Converted from RPCS3/community data. Not confirmed on this PS3. Source file: Bulletstorm.|120
BLUS30651|01.00|60|untested|ncl|Unlock FPS (PSXPlace)|RPCS3 converted USERLIST|0 009C1974 2C030001|Converted from RPCS3/community data. Not confirmed on this PS3. Source file: Bulletstorm.|120
NPEB00622|01.00|60|untested|ncl|Unlock FPS (RPCS3)|RPCS3 converted USERLIST|0 00358E88 60000000|Converted from RPCS3/community data. Not confirmed on this PS3. Source file: Bulletstorm.|120
BLES00148|01.00|60|untested|ncl|Unlock FPS (RPCS3) [Tested]|RPCS3 converted USERLIST|0 002D6938 60000000;0 11E81A90 453B8000|Converted from RPCS3/community data. Not confirmed on this PS3. Source file: Call Of Duty 4 Modern Warfare.|120
BLJS10013|01.00|60|untested|ncl|Unlock FPS (RPCS3) [Tested]|RPCS3 converted USERLIST|0 002D6938 60000000;0 11E81A90 453B8000|Converted from RPCS3/community data. Not confirmed on this PS3. Source file: Call Of Duty 4 Modern Warfare.|120
BLES01031|01.13|60|untested|ncl|Unlock FPS (RPCS3) [Tested]|RPCS3 converted USERLIST|0 00679988 60000000;0 01CC0424 453B8000|Converted from RPCS3/community data. Not confirmed on this PS3. Source file: Call Of Duty Black Ops.|120
BLES01032|01.13|60|untested|ncl|Unlock FPS (RPCS3) [Tested]|RPCS3 converted USERLIST|0 00679988 60000000;0 01CC0424 453B8000|Converted from RPCS3/community data. Not confirmed on this PS3. Source file: Call Of Duty Black Ops.|120
BLES01031|01.00|60|untested|ncl|Unlock FPS (RPCS3) [Tested]|RPCS3 converted USERLIST|0 00647970 60000000;0 01BF08A4 453B8000|Converted from RPCS3/community data. Not confirmed on this PS3. Source file: Call Of Duty Black Ops.|120
BLES01032|01.00|60|untested|ncl|Unlock FPS (RPCS3) [Tested]|RPCS3 converted USERLIST|0 00647970 60000000;0 01BF08A4 453B8000|Converted from RPCS3/community data. Not confirmed on this PS3. Source file: Call Of Duty Black Ops.|120
BLUS30591|01.00|60|untested|ncl|Unlock FPS (RPCS3) [Tested]|RPCS3 converted USERLIST|0 00647970 60000000;0 01BF08A4 453B8000|Converted from RPCS3/community data. Not confirmed on this PS3. Source file: Call Of Duty Black Ops.|120
BLJM60287|01.00|60|untested|ncl|Unlock FPS v01.13 (RPCS3)|RPCS3 converted USERLIST|0 00679988 60000000;0 01CC0424 453B8000|Converted from RPCS3/community data. Not confirmed on this PS3. Source file: Call Of Duty Black Ops Dubbed Edition.|120
BLJM60286|01.13|60|untested|ncl|Unlock FPS (RPCS3)|RPCS3 converted USERLIST|0 00679988 60000000;0 01CC0424 453B8000|Converted from RPCS3/community data. Not confirmed on this PS3. Source file: Call Of Duty Black Ops Subtitle.|120
BLES00354|01.00|60|untested|ncl|Unlock FPS (RPCS3)|RPCS3 converted USERLIST|0 005A8E3C 60000000;0 02A947D0 453B8000|Converted from RPCS3/community data. Not confirmed on this PS3. Source file: Call Of Duty World At War.|120
BLES00357|01.00|60|untested|ncl|Unlock FPS (RPCS3)|RPCS3 converted USERLIST|0 005A8E3C 60000000;0 02A947D0 453B8000|Converted from RPCS3/community data. Not confirmed on this PS3. Source file: Call Of Duty World At War.|120
BLUS30192|01.00|60|untested|ncl|Unlock FPS (RPCS3)|RPCS3 converted USERLIST|0 005A8E3C 60000000;0 02A947D0 453B8000|Converted from RPCS3/community data. Not confirmed on this PS3. Source file: Call Of Duty World At War.|120
BLES00354|01.01|60|untested|ncl|Unlock FPS v01.07 (RPCS3)|RPCS3 converted USERLIST|0 005A8E3C 60000000;0 02A947D0 453B8000|Converted from RPCS3/community data. Not confirmed on this PS3. Source file: Call Of Duty World At War.|120
BLUS30192|01.01|60|untested|ncl|Unlock FPS v01.07 (RPCS3)|RPCS3 converted USERLIST|0 005A8E3C 60000000;0 02A947D0 453B8000|Converted from RPCS3/community data. Not confirmed on this PS3. Source file: Call Of Duty World At War.|120
BLUS30115|01.00|60|untested|ncl|Unlock FPS (PSXPlace)|RPCS3 converted USERLIST|0 008FE1AC 38600001|Converted from RPCS3/community data. Not confirmed on this PS3. Source file: Condemned 2 Bloodshot.|120
BLUS30115|01.01|60|unavailable|none|Use FPS ilimitado / +60|RPCS3 converted USERLIST||Entrada 60 FPS bloqueada: o mesmo payload ja existe como desbloqueio confirmado e a copia publica nao confirma alvo 60 separado.
BLES01396|01.05|60|untested|ncl|Unlock FPS v01.00 (RPCS3)|RPCS3 converted USERLIST|0 00146F48 38800002;0 00146F4C 989F070C;0 00146F50 989F070D;0 001424F0 49444801;0 01586CF0 7EAC42E6;0 01586CF4 3EC0017D;0 01586CF8 62D6E3F8;0 01586CFC 7E96A02A;0 01586D00 FAB60000;0 01586D04 7E74A850;0 01586D08 FA7600E0;0 01586D0C CBD600E0;0 01586D10 FFC0F69C;0 01586D14 FFC0F018;0 01586D18 3E400158;0 01586D1C 62526CF0;0 01586D20 C3B20054;0 01586D24 C3920058;0 01586D28 FFFEE824;0 01586D2C FF9FE000;0 01586D30 419C0008;0 01586D34 FFE0E090;0 01586D38 7E94A278;0 01586D3C 7E94A278;0 01586D40 4E800020;0 01586D44 4C989680;0 01586D48 3D4CCCCD|Converted from RPCS3/community data. Not confirmed on this PS3. Source file: Dark Souls.|120
BLES01402|01.00|60|untested|ncl|Unlock FPS (RPCS3)|RPCS3 converted USERLIST|0 001466D0 38800002;0 001466D4 989F070C;0 001466D8 989F070D;0 00141C78 494447F9;0 01586470 7EAC42E6;0 01586474 3EC0017D;0 01586478 62D6E3F8;0 0158647C 7E96A02A;0 01586480 FAB60000;0 01586484 7E74A850;0 01586488 FA7600E0;0 0158648C CBD600E0;0 01586490 FFC0F69C;0 01586494 FFC0F018;0 01586498 3E400158;0 0158649C 62526470;0 015864A0 C3B20054;0 015864A4 C3920058;0 015864A8 FFFEE824;0 015864AC FF9FE000;0 015864B0 419C0008;0 015864B4 FFE0E090;0 015864B8 7E94A278;0 015864BC 7E94A278;0 015864C0 4E800020;0 015864C4 4C989680;0 015864C8 3D4CCCCD|Converted from RPCS3/community data. Not confirmed on this PS3. Source file: Dark Souls.|120
BLUS30782|01.05|60|untested|ncl|Unlock FPS v01.00 (RPCS3)|RPCS3 converted USERLIST|0 00146E40 38800002;0 00146E44 989F070C;0 00146E48 989F070D;0 001423E8 494447E9;0 01586BD0 7EAC42E6;0 01586BD4 3EC0017D;0 01586BD8 62D6E3F8;0 01586BDC 7E96A02A;0 01586BE0 FAB60000;0 01586BE4 7E74A850;0 01586BE8 FA7600E0;0 01586BEC CBD600E0;0 01586BF0 FFC0F69C;0 01586BF4 FFC0F018;0 01586BF8 3E400158;0 01586BFC 62526BD0;0 01586C00 C3B20054;0 01586C04 C3920058;0 01586C08 FFFEE824;0 01586C0C FF9FE000;0 01586C10 419C0008;0 01586C14 FFE0E090;0 01586C18 7E94A278;0 01586C1C 7E94A278;0 01586C20 4E800020;0 01586C24 4C989680;0 01586C28 3D4CCCCD|Converted from RPCS3/community data. Not confirmed on this PS3. Source file: Dark Souls.|120
BLES01733|01.00|60|untested|ncl|Unlock FPS (PSXPlace)|RPCS3 converted USERLIST|0 00928364 60000000;0 00934DFC 38600001;0 00932AEC 38600001;0 00932954 38600001|Converted from RPCS3/community data. Not confirmed on this PS3. Source file: Dead Space 3.|120
BLUS31053|01.00|60|untested|ncl|Unlock FPS (PSXPlace)|RPCS3 converted USERLIST|0 00928364 60000000;0 00934DFC 38600001;0 00932AEC 38600001;0 00932954 38600001|Converted from RPCS3/community data. Not confirmed on this PS3. Source file: Dead Space 3.|120
BLES01733|01.01|60|untested|ncl|Unlock FPS (PSXPlace)|RPCS3 converted USERLIST|0 00928364 60000000;0 00934DFC 38600001;0 00932AEC 38600001;0 00932954 38600001|Converted from RPCS3/community data. Not confirmed on this PS3. Source file: Dead Space 3.|120
BLUS31053|01.01|60|untested|ncl|Unlock FPS (PSXPlace)|RPCS3 converted USERLIST|0 00928364 60000000;0 00934DFC 38600001;0 00932AEC 38600001;0 00932954 38600001|Converted from RPCS3/community data. Not confirmed on this PS3. Source file: Dead Space 3.|120
BLES00308|01.00|60|unavailable|none|Use FPS ilimitado / +60|RPCS3 converted USERLIST||Entrada 60 FPS bloqueada: o mesmo payload ja existe como desbloqueio confirmado e a copia publica nao confirma alvo 60 separado.
BLES00309|01.00|60|untested|ncl|Unlock FPS (PSXPlace)|RPCS3 converted USERLIST|0 00D5E938 00000000;0 004549A0 38600001;0 00454B60 38600001;0 00455950 38600001|Converted from RPCS3/community data. Not confirmed on this PS3. Source file: Dead Space.|120
BLUS30177|01.00|60|untested|ncl|Unlock FPS (PSXPlace)|RPCS3 converted USERLIST|0 00D5E938 00000000;0 004549A0 38600001;0 00454B60 38600001;0 00455950 38600001|Converted from RPCS3/community data. Not confirmed on this PS3. Source file: Dead Space.|120
BCAS20071|01.00|60|untested|ncl|Unlock FPS v01.04 (RPCS3)|RPCS3 converted USERLIST|0 00024148 981F;0 00019794 496AF37D;0 016C8B10 7EAC42E6;0 016C8B14 3EC00185;0 016C8B18 3AD62608;0 016C8B1C 7E96A02A;0 016C8B20 FAB60000;0 016C8B24 7E74A850;0 016C8B28 FA760018;0 016C8B2C CBD60018;0 016C8B30 FFC0F69C;0 016C8B34 FFC0F018;0 016C8B38 3E40016C;0 016C8B3C 62528B10;0 016C8B40 C3B20054;0 016C8B44 C3920058;0 016C8B48 EFFEE824;0 016C8B4C FF9FE000;0 016C8B50 419C0008;0 016C8B54 FFE0E090;0 016C8B58 7E94A278;0 016C8B5C 7E94A278;0 016C8B60 4E800020;0 016C8B64 4C989680;0 016C8B68 3D4CCCCD|Converted from RPCS3/community data. Not confirmed on this PS3. Source file: Demon's Souls.|120
BCJS30022|01.00|60|untested|ncl|Unlock FPS v01.04 (RPCS3)|RPCS3 converted USERLIST|0 000240D0 981F;0 00019794 496AF30D;0 016C8AA0 7EAC42E6;0 016C8AA4 3EC00185;0 016C8AA8 3AD62608;0 016C8AAC 7E96A02A;0 016C8AB0 FAB60000;0 016C8AB4 7E74A850;0 016C8AB8 FA760018;0 016C8ABC CBD60018;0 016C8AC0 FFC0F69C;0 016C8AC4 FFC0F018;0 016C8AC8 3E40016C;0 016C8ACC 62528AA0;0 016C8AD0 C3B20054;0 016C8AD4 C3920058;0 016C8AD8 EFFEE824;0 016C8ADC FF9FE000;0 016C8AE0 419C0008;0 016C8AE4 FFE0E090;0 016C8AE8 7E94A278;0 016C8AEC 7E94A278;0 016C8AF0 4E800020;0 016C8AF4 4C989680;0 016C8AF8 3D4CCCCD|Converted from RPCS3/community data. Not confirmed on this PS3. Source file: Demon's Souls.|120
BCJS30022|01.04|60|untested|ncl|Unlock FPS (RPCS3)|RPCS3 converted USERLIST|0 000240D0 981F;0 00019794 496AF30D;0 016C8AA0 7EAC42E6;0 016C8AA4 3EC00185;0 016C8AA8 3AD62608;0 016C8AAC 7E96A02A;0 016C8AB0 FAB60000;0 016C8AB4 7E74A850;0 016C8AB8 FA760018;0 016C8ABC CBD60018;0 016C8AC0 FFC0F69C;0 016C8AC4 FFC0F018;0 016C8AC8 3E40016C;0 016C8ACC 62528AA0;0 016C8AD0 C3B20054;0 016C8AD4 C3920058;0 016C8AD8 EFFEE824;0 016C8ADC FF9FE000;0 016C8AE0 419C0008;0 016C8AE4 FFE0E090;0 016C8AE8 7E94A278;0 016C8AEC 7E94A278;0 016C8AF0 4E800020;0 016C8AF4 4C989680;0 016C8AF8 3D4CCCCD|Converted from RPCS3/community data. Not confirmed on this PS3. Source file: Demon's Souls.|120
BLES00932|01.00|60|untested|ncl|Unlock FPS (RPCS3)|RPCS3 converted USERLIST|0 00026AC0 981F;0 0001C534 496ADA1D;0 016C9F50 7EAC42E6;0 016C9F54 3EC00185;0 016C9F58 3AD62608;0 016C9F5C 7E96A02A;0 016C9F60 FAB60000;0 016C9F64 7E74A850;0 016C9F68 FA760018;0 016C9F6C CBD60018;0 016C9F70 FFC0F69C;0 016C9F74 FFC0F018;0 016C9F78 3E40016C;0 016C9F7C 62529F50;0 016C9F80 C3B20054;0 016C9F84 C3920058;0 016C9F88 EFFEE824;0 016C9F8C FF9FE000;0 016C9F90 419C0008;0 016C9F94 FFE0E090;0 016C9F98 7E94A278;0 016C9F9C 7E94A278;0 016C9FA0 4E800020;0 016C9FA4 4C989680;0 016C9FA8 3D4CCCCD|Converted from RPCS3/community data. Not confirmed on this PS3. Source file: Demon's Souls.|120
BLUS30443|01.00|60|untested|ncl|Unlock FPS (RPCS3)|RPCS3 converted USERLIST|0 00025ED8 981F;0 0001B964 496AC2CD;0 016C7C30 7EAC42E6;0 016C7C34 3EC00185;0 016C7C38 3AD62608;0 016C7C3C 7E96A02A;0 016C7C40 FAB60000;0 016C7C44 7E74A850;0 016C7C48 FA760018;0 016C7C4C CBD60018;0 016C7C50 FFC0F69C;0 016C7C54 FFC0F018;0 016C7C58 3E40016C;0 016C7C5C 3A527C30;0 016C7C60 C3B20054;0 016C7C64 C3920058;0 016C7C68 EFFEE824;0 016C7C6C FF9FE000;0 016C7C70 419C0008;0 016C7C74 FFE0E090;0 016C7C78 7E94A278;0 016C7C7C 7E94A278;0 016C7C80 4E800020;0 016C7C84 4C989680;0 016C7C88 3D4CCCCD|Converted from RPCS3/community data. Not confirmed on this PS3. Source file: Demon's Souls.|120
BLES00044|01.01|60|untested|ncl|60 FPS (RPCS3)|RPCS3 converted USERLIST|0 10060170 42700000|Converted from RPCS3/community data. Not confirmed on this PS3. Source file: Der Pate Die Don-Edition.|120
BLUS30023|01.01|60|untested|ncl|60 FPS (RPCS3)|RPCS3 converted USERLIST|0 10060170 42700000|Converted from RPCS3/community data. Not confirmed on this PS3. Source file: Der Pate Die Don-Edition.|120
BLES00467|*|60|unavailable|none|Use FPS ilimitado / +60|RPCS3 converted USERLIST||Entrada 60 FPS bloqueada: o mesmo payload ja existe como desbloqueio confirmado e a copia publica nao confirma alvo 60 separado.
NPEB01427|01.00|60|untested|ncl|Unlock FPS (PSXPlace)|RPCS3 converted USERLIST|0 000F8908 60000000|Converted from RPCS3/community data. Not confirmed on this PS3. Source file: Disney Castle Of Illusion Starring Mickey Mouse.|120
BLJM61043|01.00|60|untested|ncl|Unlock FPS (RPCS3)|RPCS3 converted USERLIST|0 00939A14 3E000000|Converted from RPCS3/community data. Not confirmed on this PS3. Source file: Drag-On Dragoon 3.|120
BLJM61043|01.01|60|untested|ncl|Unlock FPS v01.00 (RPCS3)|RPCS3 converted USERLIST|0 00939A14 3E000000|Converted from RPCS3/community data. Not confirmed on this PS3. Source file: Drag-On Dragoon 3.|120
BLES01356|01.00|60|untested|ncl|Unlock FPS (RPCS3)|RPCS3 converted USERLIST|0 00EE28B4 60000000;0 00EE28C8 60000000|Converted from RPCS3/community data. Not confirmed on this PS3. Source file: Dragon's Dogma.|120
BLES01356|01.03|60|untested|ncl|Unlock FPS v01.00 (RPCS3)|RPCS3 converted USERLIST|0 00EE28B4 60000000;0 00EE28C8 60000000|Converted from RPCS3/community data. Not confirmed on this PS3. Source file: Dragon's Dogma.|120
BLUS30720|01.01|60|untested|ncl|Unlock FPS (PSXPlace)|RPCS3 converted USERLIST|0 00EF0C74 60000000;0 00EF0C88 60000000|Converted from RPCS3/community data. Not confirmed on this PS3. Source file: Dragon's Dogma.|120
BLUS30720|01.03|60|untested|ncl|Unlock FPS (PSXPlace)|RPCS3 converted USERLIST|0 00EF0C74 60000000;0 00EF0C88 60000000|Converted from RPCS3/community data. Not confirmed on this PS3. Source file: Dragon's Dogma.|120
BLES01794|01.00|60|untested|ncl|Unlock FPS (RPCS3)|RPCS3 converted USERLIST|0 00F5A6C4 60000000;0 00F5A6D8 60000000|Converted from RPCS3/community data. Not confirmed on this PS3. Source file: Dragon's Dogma Dark Arisen.|120
BLJM61012|01.01|60|untested|ncl|Unlock FPS (PSXPlace)|RPCS3 converted USERLIST|0 00F5AAB4 60000000;0 00F5AAC8 60000000|Converted from RPCS3/community data. Not confirmed on this PS3. Source file: Dragon's Dogma Dark Arisen.|120
BLUS31155|01.01|60|untested|ncl|Unlock FPS (PSXPlace)|RPCS3 converted USERLIST|0 00F5AAB4 60000000;0 00F5AAC8 60000000|Converted from RPCS3/community data. Not confirmed on this PS3. Source file: Dragon's Dogma Dark Arisen.|120
NPUB31117|01.00|60|untested|ncl|Unlock FPS (RPCS3)|RPCS3 converted USERLIST|0 00F580C4 60000000;0 00F580D8 60000000|Converted from RPCS3/community data. Not confirmed on this PS3. Source file: Dragon's Dogma Dark Arisen.|120
BLUS31197|01.01|60|untested|ncl|Unlock FPS (RPCS3)|RPCS3 converted USERLIST|0 008EDBCC 3E000000|Converted from RPCS3/community data. Not confirmed on this PS3. Source file: Drakengard 3.|120
BLUS31197|01.00|60|untested|ncl|Unlock FPS (RPCS3)|RPCS3 converted USERLIST|0 008EDC5C 3E000000|Converted from RPCS3/community data. Not confirmed on this PS3. Source file: Drakengard 3.|120
NPUB31251|01.00|60|untested|ncl|Unlock FPS (RPCS3)|RPCS3 converted USERLIST|0 008EDC5C 3E000000|Converted from RPCS3/community data. Not confirmed on this PS3. Source file: Drakengard 3.|120
BLUS31197|01.00|60|untested|ncl|Unlock FPS (No User Input) v01.01 (RPCS3)|RPCS3 converted USERLIST|0 002CA140 38800000|Converted from RPCS3/community data. Not confirmed on this PS3. Source file: Drakengard 3.|120
NPUB31251|01.00|60|untested|ncl|Unlock FPS (No User Input) v01.01 (RPCS3)|RPCS3 converted USERLIST|0 002CA140 38800000|Converted from RPCS3/community data. Not confirmed on this PS3. Source file: Drakengard 3.|120
BLUS31197|01.01|60|untested|ncl|Unlock FPS (RPCS3)|RPCS3 converted USERLIST|0 008EDC5C 3E000000|Converted from RPCS3/community data. Not confirmed on this PS3. Source file: Drakengard 3.|120
BLUS31197|*|60|untested|ncl|Unlock FPS (RPCS3)|RPCS3 converted USERLIST|0 008EDC5C 3E000000|Converted from RPCS3/community data. Not confirmed on this PS3. Source file: Drakengard 3.|120
BLES01147|01.01|60|untested|ncl|Unlock FPS (PSXPlace)|RPCS3 converted USERLIST|0 00486E34 39240002|Converted from RPCS3/community data. Not confirmed on this PS3. Source file: Duke Nukem Forever.|120
BLES01147|01.00|60|untested|ncl|Unlock FPS (PSXPlace)|RPCS3 converted USERLIST|0 00486E34 39240002|Converted from RPCS3/community data. Not confirmed on this PS3. Source file: Duke Nukem Forever.|120
BLUS30615|01.00|60|untested|ncl|Unlock FPS (PSXPlace)|RPCS3 converted USERLIST|0 00486E34 39240002|Converted from RPCS3/community data. Not confirmed on this PS3. Source file: Duke Nukem Forever.|120
BLES00989|01.00|60|untested|ncl|Unlock FPS (PSXPlace)|RPCS3 converted USERLIST|0 00A01D3C 28030001;0 00A01E94 28050001;0 008863DC 38600001;0 00A0E24C 38600001|Converted from RPCS3/community data. Not confirmed on this PS3. Source file: Enslaved Odyssey To The West.|120
BLES00989|01.00|60|untested|ncl|Unlock FPS (RPCS3)|RPCS3 converted USERLIST|0 003124F8 60000000|Converted from RPCS3/community data. Not confirmed on this PS3. Source file: Enslaved Odyssey To The West.|120
BLES00989|01.01|60|untested|ncl|Unlock FPS (RPCS3)|RPCS3 converted USERLIST|0 00313318 60000000|Converted from RPCS3/community data. Not confirmed on this PS3. Source file: Enslaved Odyssey To The West.|120
BLUS30558|01.00|60|untested|ncl|Unlock FPS (PSXPlace)|RPCS3 converted USERLIST|0 00A01D3C 28030001;0 00A01E94 28050001;0 008863DC 38600001;0 00A0E24C 38600001|Converted from RPCS3/community data. Not confirmed on this PS3. Source file: Enslaved Odyssey To The West.|120
BLUS30558|01.00|60|untested|ncl|Unlock FPS (RPCS3)|RPCS3 converted USERLIST|0 003124F8 60000000|Converted from RPCS3/community data. Not confirmed on this PS3. Source file: Enslaved Odyssey To The West.|120
BLUS30456|01.03|60|untested|ncl|Unlock FPS (RPCS3)|RPCS3 converted USERLIST|0 003BCFE8 60000000|Converted from RPCS3/community data. Not confirmed on this PS3. Source file: Fairytale Fights.|120
BLES01475|01.00|60|untested|ncl|60 FPS (RPCS3)|RPCS3 converted USERLIST|0 00975070 60000000|Converted from RPCS3/community data. Not confirmed on this PS3. Source file: Fallout New Vegas Ultimate Edition.|120
BLUS30178|01.00|60|untested|ncl|Unlock FPS (PSXPlace)|RPCS3 converted USERLIST|0 00886204 3BE00002|Converted from RPCS3/community data. Not confirmed on this PS3. Source file: Far Cry 2.|120
BLUS30178|01.02|60|untested|ncl|Unlock FPS (PSXPlace)|RPCS3 converted USERLIST|0 00886204 3BE00002|Converted from RPCS3/community data. Not confirmed on this PS3. Source file: Far Cry 2.|120
BLES02011|01.01|60|untested|ncl|Unlock FPS (PSXPlace)|RPCS3 converted USERLIST|0 0024A6F8 38800000|Converted from RPCS3/community data. Not confirmed on this PS3. Source file: Far Cry 4.|120
BLUS31420|01.01|60|untested|ncl|Unlock FPS (PSXPlace)|RPCS3 converted USERLIST|0 0024A6F8 38800000|Converted from RPCS3/community data. Not confirmed on this PS3. Source file: Far Cry 4.|120
MRTC00003|01.00|60|unavailable|none|Use FPS ilimitado / +60|RPCS3 converted USERLIST||Entrada 60 FPS bloqueada: o mesmo payload ja existe como desbloqueio confirmado e a copia publica nao confirma alvo 60 separado.
BCAS20013|01.00|60|untested|ncl|Unlock FPS (PSXPlace)|RPCS3 converted USERLIST|0 001821A0 60000000|Converted from RPCS3/community data. Not confirmed on this PS3. Source file: Folklore.|120
BCES00050|01.00|60|untested|ncl|Unlock FPS (PSXPlace)|RPCS3 converted USERLIST|0 001821A0 60000000|Converted from RPCS3/community data. Not confirmed on this PS3. Source file: Folklore.|120
BCUS98147|01.00|60|untested|ncl|Unlock FPS (PSXPlace)|RPCS3 converted USERLIST|0 001821A0 60000000|Converted from RPCS3/community data. Not confirmed on this PS3. Source file: Folklore.|120
BCAS20013|01.00|60|untested|ncl|Unlock FPS (RPCS3)|RPCS3 converted USERLIST|0 00181118 60000000|Converted from RPCS3/community data. Not confirmed on this PS3. Source file: Folklore.|120
BCES00050|01.00|60|untested|ncl|Unlock FPS (RPCS3)|RPCS3 converted USERLIST|0 00181118 60000000|Converted from RPCS3/community data. Not confirmed on this PS3. Source file: Folklore.|120
BCUS98147|01.00|60|untested|ncl|Unlock FPS (RPCS3)|RPCS3 converted USERLIST|0 00181118 60000000|Converted from RPCS3/community data. Not confirmed on this PS3. Source file: Folklore.|120
BCES00050|01.10|60|unavailable|none|Use FPS ilimitado / +60|RPCS3 converted USERLIST||Entrada 60 FPS bloqueada: o mesmo payload ja existe como desbloqueio confirmado e a copia publica nao confirma alvo 60 separado.
BCAS25016|01.00|60|untested|ncl|Unlock FPS v01.04 (RPCS3)|RPCS3 converted USERLIST|0 0039E284 447A0000;0 002CAE2C 461C4000;0 0083B2CC 42700000;0 002CADD8 60000000;0 002C537E 93CC;0 002CAEC6 93CC;0 002CAF6E 93CC;0 003EF71A 93CC|Converted from RPCS3/community data. Not confirmed on this PS3. Source file: God Of War Ascension.|120
BCES01741|01.00|60|untested|ncl|Unlock FPS v01.04 (RPCS3)|RPCS3 converted USERLIST|0 0039E284 447A0000;0 002CAE2C 461C4000;0 0083B2CC 42700000;0 002CADD8 60000000;0 002C537E 93CC;0 002CAEC6 93CC;0 002CAF6E 93CC;0 003EF71A 93CC|Converted from RPCS3/community data. Not confirmed on this PS3. Source file: God Of War Ascension.|120
BCUS98232|01.00|60|untested|ncl|Unlock FPS v01.04 (RPCS3)|RPCS3 converted USERLIST|0 0039E284 447A0000;0 002CAE2C 461C4000;0 0083B2CC 42700000;0 002CADD8 60000000;0 002C537E 93CC;0 002CAEC6 93CC;0 002CAF6E 93CC;0 003EF71A 93CC|Converted from RPCS3/community data. Not confirmed on this PS3. Source file: God Of War Ascension.|120
BCES00569|01.00|60|untested|ncl|Unlock FPS (RPCS3)|RPCS3 converted USERLIST|0 008CFFB4 38800000|Converted from RPCS3/community data. Not confirmed on this PS3. Source file: Gran Turismo 5.|120
BCUS98114|01.00|60|untested|ncl|Unlock FPS (RPCS3)|RPCS3 converted USERLIST|0 008CFFB4 38800000|Converted from RPCS3/community data. Not confirmed on this PS3. Source file: Gran Turismo 5.|120
BCES00569|01.09|60|untested|ncl|Unlock FPS v01.00 (RPCS3)|RPCS3 converted USERLIST|0 008CFFB4 38800000|Converted from RPCS3/community data. Not confirmed on this PS3. Source file: Gran Turismo 5.|120
BCUS98114|01.09|60|untested|ncl|Unlock FPS v01.00 (RPCS3)|RPCS3 converted USERLIST|0 008CFFB4 38800000|Converted from RPCS3/community data. Not confirmed on this PS3. Source file: Gran Turismo 5.|120
BCES00569|01.09|60|untested|ncl|Unlock FPS v01.13 (RPCS3)|RPCS3 converted USERLIST|0 00A0F640 38800000|Converted from RPCS3/community data. Not confirmed on this PS3. Source file: Gran Turismo 5.|120
BCUS98114|01.09|60|untested|ncl|Unlock FPS v01.13 (RPCS3)|RPCS3 converted USERLIST|0 00A0F640 38800000|Converted from RPCS3/community data. Not confirmed on this PS3. Source file: Gran Turismo 5.|120
BLES00229|01.00|60|untested|ncl|Unlock FPS (RPCS3) [Tested]|RPCS3 converted USERLIST|0 00F18840 00000000|Converted from RPCS3/community data. Not confirmed on this PS3. Source file: Grand Theft Auto IV.|120
BLES00258|01.00|60|untested|ncl|Unlock FPS (RPCS3) [Tested]|RPCS3 converted USERLIST|0 00F18840 00000000|Converted from RPCS3/community data. Not confirmed on this PS3. Source file: Grand Theft Auto IV.|120
BLES00229|01.01|60|untested|ncl|Unlock FPS v01.08 (RPCS3)|RPCS3 converted USERLIST|0 00F18840 00000000|Converted from RPCS3/community data. Not confirmed on this PS3. Source file: Grand Theft Auto IV.|120
BLUS30127|01.01|60|untested|ncl|Unlock FPS v01.08 (RPCS3)|RPCS3 converted USERLIST|0 00F18840 00000000|Converted from RPCS3/community data. Not confirmed on this PS3. Source file: Grand Theft Auto IV.|120
BLUS30127|01.00|60|untested|ncl|Unlock FPS (RPCS3) [Tested]|RPCS3 converted USERLIST|0 00F18830 00000000|Converted from RPCS3/community data. Not confirmed on this PS3. Source file: Grand Theft Auto IV.|120
NPEB00882|01.09|60|untested|ncl|Unlock FPS (RPCS3) [Tested]|RPCS3 converted USERLIST|0 00F18840 00000000|Converted from RPCS3/community data. Not confirmed on this PS3. Source file: Grand Theft Auto IV.|120
BLJM61079|01.00|60|untested|ncl|60 FPS (RPCS3)|RPCS3 converted USERLIST|0 00041F40 3F800000;0 006A48F6 0001;0 006A4916 0001;0 006A493A 0001;0 006A495E 0001|Converted from RPCS3/community data. Not confirmed on this PS3. Source file: Hatsune Miku Project Diva F 2nd.|120
BLJM61079|01.01|60|untested|ncl|60 FPS (RPCS3)|RPCS3 converted USERLIST|0 00041F40 3F800000;0 006A48F6 0001;0 006A4916 0001;0 006A493A 0001;0 006A495E 0001|Converted from RPCS3/community data. Not confirmed on this PS3. Source file: Hatsune Miku Project Diva F 2nd.|120
BLUS31431|01.00|60|untested|ncl|60 FPS (RPCS3)|RPCS3 converted USERLIST|0 000423C8 3F800000;0 006AF44E 0001;0 006AF46E 0001;0 006AF492 0001;0 006AF4B6 0001|Converted from RPCS3/community data. Not confirmed on this PS3. Source file: Hatsune Miku Project Diva F 2nd.|120
NPEB02013|01.00|60|untested|ncl|60 FPS (RPCS3) [Tested]|RPCS3 converted USERLIST|0 000423C8 3F800000;0 006AF44E 0001;0 006AF46E 0001;0 006AF492 0001;0 006AF4B6 0001|Converted from RPCS3/community data. Not confirmed on this PS3. Source file: Hatsune Miku Project Diva F 2nd.|120
BLJM60527|01.00|60|untested|ncl|60 FPS (RPCS3)|RPCS3 converted USERLIST|0 00BF22FC 3F800000;0 00586202 0001;0 00586226 0001;0 0058656E 0001;0 00586596 0001|Converted from RPCS3/community data. Not confirmed on this PS3. Source file: Hatsune Miku Project Diva F.|120
BLES00157|01.01|60|untested|ncl|Unlock FPS (RPCS3)|RPCS3 converted USERLIST|0 0068D0E8 38000000|Converted from RPCS3/community data. Not confirmed on this PS3. Source file: Haze.|120
BLES00169|01.01|60|untested|ncl|Unlock FPS (RPCS3)|RPCS3 converted USERLIST|0 0068D0E8 38000000|Converted from RPCS3/community data. Not confirmed on this PS3. Source file: Haze.|120
BLUS30094|01.01|60|untested|ncl|Unlock FPS (RPCS3)|RPCS3 converted USERLIST|0 0068D0E8 38000000|Converted from RPCS3/community data. Not confirmed on this PS3. Source file: Haze.|120
BLES00962|01.00|60|untested|ncl|Unlock FPS (PSXPlace)|RPCS3 converted USERLIST|0 007EEAB8 28030001;0 007EEC08 38800001;0 007EEC60 28030001|Converted from RPCS3/community data. Not confirmed on this PS3. Source file: Homefront.|120
NPEB00476|01.00|60|untested|ncl|Unlock FPS (PSXPlace)|RPCS3 converted USERLIST|0 0074BCD4 60000000;0 0074BBFC 60000000|Converted from RPCS3/community data. Not confirmed on this PS3. Source file: I Am Alive.|120
BLES00142|01.00|60|untested|ncl|60 FPS (RPCS3)|RPCS3 converted USERLIST|0 00B06470 3C88AB86|Converted from RPCS3/community data. Not confirmed on this PS3. Source file: I Simpson Il Videogioco.|120
NPUA80638|01.00|60|unavailable|none|Use FPS ilimitado / +60|RPCS3 converted USERLIST||Entrada 60 FPS bloqueada: o mesmo payload ja existe como desbloqueio confirmado e a copia publica nao confirma alvo 60 separado.
BLJS10318|01.00|60|untested|ncl|60 FPS v01.05 (RPCS3)|RPCS3 converted USERLIST|0 0236FEF0 3F000000;0 02370360 3F000000;0 023AED1C 3F000000|Converted from RPCS3/community data. Not confirmed on this PS3. Source file: JoJo No Kimyou Na Bouken Eyes Of Heaven.|120
BLJS10318|01.02|60|untested|ncl|60 FPS v01.05 (RPCS3)|RPCS3 converted USERLIST|0 0236FEF0 3F000000;0 02370360 3F000000;0 023AED1C 3F000000|Converted from RPCS3/community data. Not confirmed on this PS3. Source file: JoJo No Kimyou Na Bouken Eyes Of Heaven.|120
BLJS10318|01.05|60|known|ncl|60 FPS (testado por RafJaeger)|RafJaeger|0 0142E790 3BA90002|JoJo's Bizarre Adventure Eyes of Heaven BLJS10318 01.05. Testado e funcionando em PS3 real por RafJaeger. FPS Unlock / 60 FPS. Original esperado: 0142E790=3BA90001.|120
BLES00517|01.02|60|untested|ncl|60 FPS (RPCS3)|RPCS3 converted USERLIST|0 0035D3E4 38600000|Converted from RPCS3/community data. Not confirmed on this PS3. Source file: Just Cause 2.|120
BLUS30400|01.02|60|untested|ncl|60 FPS (RPCS3)|RPCS3 converted USERLIST|0 0035D3E4 38600000|Converted from RPCS3/community data. Not confirmed on this PS3. Source file: Just Cause 2.|120
BLES00517|01.00|60|untested|ncl|60 FPS (RPCS3)|RPCS3 converted USERLIST|0 0035D3E4 38600000|Converted from RPCS3/community data. Not confirmed on this PS3. Source file: Just Cause 2.|120
BLUS30400|01.00|60|untested|ncl|60 FPS (RPCS3)|RPCS3 converted USERLIST|0 0035D3E4 38600000|Converted from RPCS3/community data. Not confirmed on this PS3. Source file: Just Cause 2.|120
BLJS10220|01.01|60|untested|ncl|Unlock FPS v01.00 (RPCS3)|RPCS3 converted USERLIST|0 001B5EF4 60000000|Converted from RPCS3/community data. Not confirmed on this PS3. Source file: Kamen Rider Battride War.|120
BLJS10220|01.00|60|untested|ncl|Unlock FPS (RPCS3)|RPCS3 converted USERLIST|0 001B5EF4 60000000|Converted from RPCS3/community data. Not confirmed on this PS3. Source file: Kamen Rider Battride War.|120
BLJS10319|01.00|60|untested|ncl|Unlock FPS (RPCS3)|RPCS3 converted USERLIST|0 0018AE24 60000000|Converted from RPCS3/community data. Not confirmed on this PS3. Source file: Kamen Rider Battride War Genesis.|120
NPJB00758|01.00|60|untested|ncl|Unlock FPS (RPCS3)|RPCS3 converted USERLIST|0 0018AE24 60000000|Converted from RPCS3/community data. Not confirmed on this PS3. Source file: Kamen Rider Battride War Genesis.|120
BLJS10319|01.04|60|untested|ncl|Unlock FPS (RPCS3)|RPCS3 converted USERLIST|0 0018E964 60000000|Converted from RPCS3/community data. Not confirmed on this PS3. Source file: Kamen Rider Battride War Genesis.|120
NPJB00758|01.04|60|untested|ncl|Unlock FPS (RPCS3)|RPCS3 converted USERLIST|0 0018E964 60000000|Converted from RPCS3/community data. Not confirmed on this PS3. Source file: Kamen Rider Battride War Genesis.|120
BLJS10324|01.00|60|untested|ncl|Unlock FPS (RPCS3)|RPCS3 converted USERLIST|0 0018DF54 60000000|Converted from RPCS3/community data. Not confirmed on this PS3. Source file: Kamen Rider Battride War Genesis Memorial TV Sound Edition.|120
BLJS10324|01.04|60|untested|ncl|Unlock FPS (RPCS3)|RPCS3 converted USERLIST|0 00191B3C 60000000|Converted from RPCS3/community data. Not confirmed on this PS3. Source file: Kamen Rider Battride War Genesis Memorial TV Sound Edition.|120
BLJS10262|01.00|60|untested|ncl|Unlock FPS (RPCS3)|RPCS3 converted USERLIST|0 00244D6C 60000000|Converted from RPCS3/community data. Not confirmed on this PS3. Source file: Kamen Rider Battride War II.|120
BLJS10263|01.00|60|untested|ncl|Unlock FPS (RPCS3)|RPCS3 converted USERLIST|0 0024744C 60000000|Converted from RPCS3/community data. Not confirmed on this PS3. Source file: Kamen Rider Battride War II Premium TV Movie Sound Edition.|120
BLES01856|01.00|60|untested|ncl|Unlock FPS (RPCS3)|RPCS3 converted USERLIST|0 00950F20 60000000;0 00950F80 60000000;0 00950F84 60000000|Converted from RPCS3/community data. Not confirmed on this PS3. Source file: Killer Is Dead.|120
BLES01856|01.01|60|untested|ncl|Unlock FPS (RPCS3)|RPCS3 converted USERLIST|0 00950F20 60000000;0 00950F80 60000000;0 00950F84 60000000|Converted from RPCS3/community data. Not confirmed on this PS3. Source file: Killer Is Dead.|120
BLJS10215|01.00|60|untested|ncl|Unlock FPS (RPCS3)|RPCS3 converted USERLIST|0 00950F10 60000000;0 00950F70 60000000;0 00950F74 60000000|Converted from RPCS3/community data. Not confirmed on this PS3. Source file: Killer Is Dead.|120
BLUS31186|01.00|60|untested|ncl|Unlock FPS (RPCS3)|RPCS3 converted USERLIST|0 00950F10 60000000;0 00950F70 60000000;0 00950F74 60000000|Converted from RPCS3/community data. Not confirmed on this PS3. Source file: Killer Is Dead.|120
BCES00081|01.00|60|untested|ncl|Unlock FPS (PSXPlace)|RPCS3 converted USERLIST|0 00048F98 38800001|Converted from RPCS3/community data. Not confirmed on this PS3. Source file: Killzone 2.|120
BCUS98116|01.00|60|untested|ncl|Unlock FPS (PSXPlace)|RPCS3 converted USERLIST|0 00048F98 38800001|Converted from RPCS3/community data. Not confirmed on this PS3. Source file: Killzone 2.|120
NPEA00418|01.00|60|untested|ncl|60 FPS (RPCS3)|RPCS3 converted USERLIST|0 002125A4 3CA03F00;0 002192F8 3CA03F00|Converted from RPCS3/community data. Not confirmed on this PS3. Source file: Killzone.|120
BLES01897|01.00|60|untested|ncl|60 FPS (RPCS3)|RPCS3 converted USERLIST|0 00036870 38600000|Converted from RPCS3/community data. Not confirmed on this PS3. Source file: Kingdom Hearts 1.5 HD ReMIX.|120
BLUS31212|01.00|60|untested|ncl|60 FPS (RPCS3)|RPCS3 converted USERLIST|0 00036870 38600000|Converted from RPCS3/community data. Not confirmed on this PS3. Source file: Kingdom Hearts 1.5 HD ReMIX.|120
BLES02070|01.00|60|untested|ncl|60 FPS (RPCS3)|RPCS3 converted USERLIST|0 00076850 38600000|Converted from RPCS3/community data. Not confirmed on this PS3. Source file: Kingdom Hearts 2.5 HD ReMIX.|120
BLES02070|*|60|untested|ncl|60 FPS (RPCS3)|RPCS3 converted USERLIST|0 00076850 38600000|Converted from RPCS3/community data. Not confirmed on this PS3. Source file: Kingdom Hearts 2.5 HD ReMIX.|120
BLUS31460|01.00|60|untested|ncl|60 FPS (RPCS3)|RPCS3 converted USERLIST|0 00076850 38600000|Converted from RPCS3/community data. Not confirmed on this PS3. Source file: Kingdom Hearts 2.5 HD ReMIX.|120
BLES01251|01.02|60|untested|ncl|Unlock FPS (RPCS3)|RPCS3 converted USERLIST|0 001242F8 60000000|Converted from RPCS3/community data. Not confirmed on this PS3. Source file: Kingdoms Of Amalur Reckoning.|120
BLUS30710|01.02|60|untested|ncl|Unlock FPS (RPCS3)|RPCS3 converted USERLIST|0 001242F8 60000000|Converted from RPCS3/community data. Not confirmed on this PS3. Source file: Kingdoms Of Amalur Reckoning.|120
BLES01251|01.00|60|untested|ncl|Unlock FPS (RPCS3)|RPCS3 converted USERLIST|0 00124B88 60000000|Converted from RPCS3/community data. Not confirmed on this PS3. Source file: Kingdoms Of Amalur Reckoning.|120
BLUS30710|01.00|60|untested|ncl|Unlock FPS (RPCS3)|RPCS3 converted USERLIST|0 00124B88 60000000|Converted from RPCS3/community data. Not confirmed on this PS3. Source file: Kingdoms Of Amalur Reckoning.|120
BLES00405|01.00|60|untested|ncl|Unlock FPS (RPCS3)|RPCS3 converted USERLIST|0 0075F200 60000000|Converted from RPCS3/community data. Not confirmed on this PS3. Source file: Legendary.|120
BLES01525|01.00|60|untested|ncl|Unlock FPS (RPCS3)|RPCS3 converted USERLIST|0 00932F2C 60000000;0 00932F8C 60000000;0 00932F90 60000000|Converted from RPCS3/community data. Not confirmed on this PS3. Source file: Lollipop Chainsaw.|120
BLES01525|01.01|60|untested|ncl|Unlock FPS (PSXPlace) [Tested]|RPCS3 converted USERLIST|0 008F8908 28030001|Converted from RPCS3/community data. Not confirmed on this PS3. Source file: Lollipop Chainsaw PE.|120
BLUS30917|01.01|60|untested|ncl|Unlock FPS (PSXPlace) [Tested]|RPCS3 converted USERLIST|0 008F8908 28030001|Converted from RPCS3/community data. Not confirmed on this PS3. Source file: Lollipop Chainsaw PE.|120
BLES01525|01.01|60|untested|ncl|Unlock FPS (RPCS3)|RPCS3 converted USERLIST|0 00932F2C 60000000;0 00932F8C 60000000;0 00932F90 60000000|Converted from RPCS3/community data. Not confirmed on this PS3. Source file: Lollipop Chainsaw PE.|120
BLUS30917|01.01|60|untested|ncl|Unlock FPS (RPCS3)|RPCS3 converted USERLIST|0 00932F2C 60000000;0 00932F8C 60000000;0 00932F90 60000000|Converted from RPCS3/community data. Not confirmed on this PS3. Source file: Lollipop Chainsaw PE.|120
BLJS10125|01.00|60|untested|ncl|Unlock FPS (RPCS3)|RPCS3 converted USERLIST|0 009332E4 60000000;0 00933344 60000000;0 00933348 60000000|Converted from RPCS3/community data. Not confirmed on this PS3. Source file: Lollipop Chainsaw PE.|120
BLES02197|01.02|60|untested|ncl|60 FPS (RPCS3) [Tested]|RPCS3 converted USERLIST|0 00170CC8 60000000|Converted from RPCS3/community data. Not confirmed on this PS3. Source file: Lost Dimension.|120
BLJM61166|01.02|60|untested|ncl|60 FPS (RPCS3) [Tested]|RPCS3 converted USERLIST|0 00170CC8 60000000|Converted from RPCS3/community data. Not confirmed on this PS3. Source file: Lost Dimension.|120
BLUS31554|01.02|60|untested|ncl|60 FPS (RPCS3) [Tested]|RPCS3 converted USERLIST|0 00170CC8 60000000|Converted from RPCS3/community data. Not confirmed on this PS3. Source file: Lost Dimension.|120
BLUS31554|01.00|60|untested|ncl|60 FPS (RPCS3)|RPCS3 converted USERLIST|0 00170CC8 60000000|Converted from RPCS3/community data. Not confirmed on this PS3. Source file: Lost Dimension.|120
BLUS31020|01.00|60|untested|ncl|Unlock FPS (PSXPlace)|RPCS3 converted USERLIST|0 0078008C 28030000;0 007801CC 28040000|Converted from RPCS3/community data. Not confirmed on this PS3. Source file: Lost Planet 3.|120
BLUS31020|01.00|60|untested|ncl|Unlock FPS v01.02 (RPCS3)|RPCS3 converted USERLIST|0 002FF5F0 60000000|Converted from RPCS3/community data. Not confirmed on this PS3. Source file: Lost Planet 3.|120
BLUS30640|01.00|60|untested|ncl|Unlock FPS (RPCS3)|RPCS3 converted USERLIST|0 00426528 60000000|Converted from RPCS3/community data. Not confirmed on this PS3. Source file: Lucha Libre AAA.|120
BLUS30640|01.01|60|untested|ncl|Unlock FPS (RPCS3)|RPCS3 converted USERLIST|0 00426618 60000000|Converted from RPCS3/community data. Not confirmed on this PS3. Source file: Lucha Libre AAA.|120
NPEA00366|01.00|60|untested|ncl|60 FPS (RPCS3)|RPCS3 converted USERLIST|0 003AFF38 3C803C88|Converted from RPCS3/community data. Not confirmed on this PS3. Source file: Malicious.|120
BLES00546|01.00|60|untested|ncl|Unlock FPS (PSXPlace)|RPCS3 converted USERLIST|0 0096C3EC 39600001|Converted from RPCS3/community data. Not confirmed on this PS3. Source file: Marvel Ultimate Alliance 2.|120
BLUS30294|01.00|60|untested|ncl|Unlock FPS (PSXPlace)|RPCS3 converted USERLIST|0 0096C3EC 39600001|Converted from RPCS3/community data. Not confirmed on this PS3. Source file: Marvel Ultimate Alliance 2.|120
BLUS30294|01.02|60|unavailable|none|Use FPS ilimitado / +60|RPCS3 converted USERLIST||Entrada 60 FPS bloqueada: o mesmo payload ja existe como desbloqueio confirmado e a copia publica nao confirma alvo 60 separado.
BLES01133|01.01|60|untested|ncl|Unlock FPS (RPCS3)|RPCS3 converted USERLIST|0 002FAAB8 60000000|Converted from RPCS3/community data. Not confirmed on this PS3. Source file: Mass Effect 2.|120
BLUS30650|01.01|60|untested|ncl|Unlock FPS (RPCS3)|RPCS3 converted USERLIST|0 002FAAB8 60000000|Converted from RPCS3/community data. Not confirmed on this PS3. Source file: Mass Effect 2.|120
BLES01462|01.00|60|untested|ncl|Unlock FPS v01.09 (RPCS3)|RPCS3 converted USERLIST|0 002A9928 60000000|Converted from RPCS3/community data. Not confirmed on this PS3. Source file: Mass Effect 3.|120
BLES01462|01.05|60|untested|ncl|Unlock FPS v01.09 (RPCS3)|RPCS3 converted USERLIST|0 002A9928 60000000|Converted from RPCS3/community data. Not confirmed on this PS3. Source file: Mass Effect 3.|120
BLES01462|01.07|60|untested|ncl|Unlock FPS v01.09 (RPCS3)|RPCS3 converted USERLIST|0 002A9928 60000000|Converted from RPCS3/community data. Not confirmed on this PS3. Source file: Mass Effect 3.|120
BLUS30853|01.00|60|untested|ncl|Unlock FPS v01.10 (RPCS3)|RPCS3 converted USERLIST|0 002A9928 60000000|Converted from RPCS3/community data. Not confirmed on this PS3. Source file: Mass Effect 3.|120
BLUS30853|01.05|60|untested|ncl|Unlock FPS v01.10 (RPCS3)|RPCS3 converted USERLIST|0 002A9928 60000000|Converted from RPCS3/community data. Not confirmed on this PS3. Source file: Mass Effect 3.|120
BLUS30853|01.07|60|untested|ncl|Unlock FPS v01.10 (RPCS3)|RPCS3 converted USERLIST|0 002A9928 60000000|Converted from RPCS3/community data. Not confirmed on this PS3. Source file: Mass Effect 3.|120
BLUS30853|01.09|60|untested|ncl|Unlock FPS v01.10 (RPCS3)|RPCS3 converted USERLIST|0 002A9928 60000000|Converted from RPCS3/community data. Not confirmed on this PS3. Source file: Mass Effect 3.|120
BLES00246|02.00|60|unavailable|none|Use FPS ilimitado / +60|RPCS3 converted USERLIST||Entrada 60 FPS bloqueada: o mesmo payload ja existe como desbloqueio confirmado e a copia publica nao confirma alvo 60 separado.
BLJM67001|02.00|60|untested|ncl|Unlock FPS (PSXPlace)|RPCS3 converted USERLIST|0 000DB720 4E800020|Converted from RPCS3/community data. Not confirmed on this PS3. Source file: Metal Gear Solid 4 Guns Of The Patriots.|120
BLES00246|01.01|60|untested|ncl|Unlock FPS (PSXPlace)|RPCS3 converted USERLIST|0 000DB720 4E800020|Converted from RPCS3/community data. Not confirmed on this PS3. Source file: Metal Gear Solid 4 Guns Of The Patriots.|120
BLUS30109|01.01|60|untested|ncl|Unlock FPS (PSXPlace)|RPCS3 converted USERLIST|0 000DB720 4E800020|Converted from RPCS3/community data. Not confirmed on this PS3. Source file: Metal Gear Solid 4 Guns Of The Patriots.|120
BLJM67001|01.03|60|untested|ncl|Unlock FPS v02.00 (RPCS3)|RPCS3 converted USERLIST|0 000DB720 4E800020|Converted from RPCS3/community data. Not confirmed on this PS3. Source file: Metal Gear Solid 4 Guns Of The Patriots.|120
NPUB31633|02.00|60|untested|ncl|Unlock FPS (RPCS3)|RPCS3 converted USERLIST|0 000D9FE0 4E800020|Converted from RPCS3/community data. Not confirmed on this PS3. Source file: Metal Gear Solid 4 Guns Of The Patriots.|120
BCES00484|01.00|60|untested|ncl|Unlock FPS (RPCS3)|RPCS3 converted USERLIST|0 005EE690 38800001;0 005EE42C 60000000|Converted from RPCS3/community data. Not confirmed on this PS3. Source file: MotorStorm Apocalypse.|120
BCES00484|01.02|60|untested|ncl|Unlock FPS v01.00 (RPCS3)|RPCS3 converted USERLIST|0 005EE690 38800001;0 005EE42C 60000000|Converted from RPCS3/community data. Not confirmed on this PS3. Source file: MotorStorm Apocalypse.|120
BCES01104|01.02|60|untested|ncl|Unlock FPS v01.00 (RPCS3)|RPCS3 converted USERLIST|0 005EE690 38800001;0 005EE42C 60000000|Converted from RPCS3/community data. Not confirmed on this PS3. Source file: MotorStorm Apocalypse.|120
BCUS98242|01.02|60|untested|ncl|Unlock FPS v01.00 (RPCS3)|RPCS3 converted USERLIST|0 005EE690 38800001;0 005EE42C 60000000|Converted from RPCS3/community data. Not confirmed on this PS3. Source file: MotorStorm Apocalypse.|120
BCUS98155|01.02|60|untested|ncl|60 FPS v01.00 (RPCS3)|RPCS3 converted USERLIST|0 00435D1C 60000000|Converted from RPCS3/community data. Not confirmed on this PS3. Source file: MotorStorm Pacific Rift.|120
BCUS98155|01.01|60|untested|ncl|60 FPS (RPCS3)|RPCS3 converted USERLIST|0 00435D1C 60000000|Converted from RPCS3/community data. Not confirmed on this PS3. Source file: MotorStorm Pacific Rift.|120
BLJS10273|01.01|60|untested|ncl|Unlock FPS v01.00 (RPCS3)|RPCS3 converted USERLIST|0 00357698 60000000|Converted from RPCS3/community data. Not confirmed on this PS3. Source file: Natsuiro High School Seishun Hakusho.|120
BLES01894|01.00|60|untested|ncl|Unlock FPS (PSXPlace)|RPCS3 converted USERLIST|0 01861F80 404E0000;0 01861F88 3F911111|Converted from RPCS3/community data. Not confirmed on this PS3. Source file: Need For Speed Rivals.|120
BLES01894|01.00|60|untested|ncl|60 FPS (RPCS3)|RPCS3 converted USERLIST|0 00307F38 3F91;0 00307F30 404E;0 00308078 3F91;0 00308070 404E;0 01841CF8 3F91;0 01841D00 404E;0 01841D08 3F91;0 0125E5C6 4270;0 003080B0 3BC0003C|Converted from RPCS3/community data. Not confirmed on this PS3. Source file: Need For Speed Rivals.|120
BLES01066|01.00|60|untested|ncl|Unlock FPS (PSXPlace)|RPCS3 converted USERLIST|0 009FB928 4280001C|Converted from RPCS3/community data. Not confirmed on this PS3. Source file: Need For Speed Shift 2 Unleashed.|120
BLUS30580|01.00|60|untested|ncl|Unlock FPS (PSXPlace)|RPCS3 converted USERLIST|0 009FB928 4280001C|Converted from RPCS3/community data. Not confirmed on this PS3. Source file: Need For Speed Shift 2 Unleashed.|120
BLES00682|01.00|60|untested|ncl|Unlock FPS (PSXPlace)|RPCS3 converted USERLIST|0 0089AF64 38000000;0 008A4850 60000000|Converted from RPCS3/community data. Not confirmed on this PS3. Source file: Need For Speed Shift.|120
BLUS30391|01.00|60|untested|ncl|Unlock FPS (PSXPlace)|RPCS3 converted USERLIST|0 0089AF64 38000000;0 008A4850 60000000|Converted from RPCS3/community data. Not confirmed on this PS3. Source file: Need For Speed Shift.|120
BLES01303|01.00|60|untested|ncl|60 FPS (RPCS3)|RPCS3 converted USERLIST|0 005261C8 60000000|Converted from RPCS3/community data. Not confirmed on this PS3. Source file: NeverDead.|120
BLUS30654|01.00|60|untested|ncl|60 FPS (RPCS3)|RPCS3 converted USERLIST|0 005261C8 60000000|Converted from RPCS3/community data. Not confirmed on this PS3. Source file: NeverDead.|120
BLES00826|01.01|60|untested|ncl|Unlock FPS (RPCS3)|RPCS3 converted USERLIST|0 00F7C3B8 386001F5;0 00711B50 489C3EF1;0 010D5A40 7CCC42E6;0 010D5A44 3CA0010E;0 010D5A48 60A523C8;0 010D5A4C 7C85202A;0 010D5A50 F8C50000;0 010D5A54 7CC43050;0 010D5A58 F8C50080;0 010D5A5C CBA50080;0 010D5A60 FFA0EE9C;0 010D5A64 FFA0E818;0 010D5A68 3C80010D;0 010D5A6C 60845A40;0 010D5A70 C384003C;0 010D5A74 EC3DE024;0 010D5A78 4E800020;0 010D5A7C 4C989680|Converted from RPCS3/community data. Not confirmed on this PS3. Source file: Nier.|120
BLUS30481|01.01|60|untested|ncl|Unlock FPS (RPCS3)|RPCS3 converted USERLIST|0 00F7C3B8 386001F5;0 00711B50 489C3EF1;0 010D5A40 7CCC42E6;0 010D5A44 3CA0010E;0 010D5A48 60A523C8;0 010D5A4C 7C85202A;0 010D5A50 F8C50000;0 010D5A54 7CC43050;0 010D5A58 F8C50080;0 010D5A5C CBA50080;0 010D5A60 FFA0EE9C;0 010D5A64 FFA0E818;0 010D5A68 3C80010D;0 010D5A6C 60845A40;0 010D5A70 C384003C;0 010D5A74 EC3DE024;0 010D5A78 4E800020;0 010D5A7C 4C989680|Converted from RPCS3/community data. Not confirmed on this PS3. Source file: Nier.|120
BLUS30481|01.00|60|untested|ncl|Unlock FPS (RPCS3)|RPCS3 converted USERLIST|0 00F7C3B8 386001F5;0 00711B50 489C3EF1;0 010D5A40 7CCC42E6;0 010D5A44 3CA0010E;0 010D5A48 60A523C8;0 010D5A4C 7C85202A;0 010D5A50 F8C50000;0 010D5A54 7CC43050;0 010D5A58 F8C50080;0 010D5A5C CBA50080;0 010D5A60 FFA0EE9C;0 010D5A64 FFA0E818;0 010D5A68 3C80010D;0 010D5A6C 60845A40;0 010D5A70 C384003C;0 010D5A74 EC3DE024;0 010D5A78 4E800020;0 010D5A7C 4C989680|Converted from RPCS3/community data. Not confirmed on this PS3. Source file: Nier.|120
BLJM60223|01.00|60|untested|ncl|Unlock FPS (RPCS3)|RPCS3 converted USERLIST|0 00F7CBCC 386001F5;0 00711D58 489C48E9;0 010D6640 7CCC42E6;0 010D6644 3CA0010E;0 010D6648 60A523E8;0 010D664C 7C85202A;0 010D6650 F8C50000;0 010D6654 7CC43050;0 010D6658 F8C50080;0 010D665C CBA50080;0 010D6660 FFA0EE9C;0 010D6664 FFA0E818;0 010D6668 3C80010D;0 010D666C 60846640;0 010D6670 C384003C;0 010D6674 EC3DE024;0 010D6678 4E800020;0 010D667C 4C989680|Converted from RPCS3/community data. Not confirmed on this PS3. Source file: Nier Replicant.|120
NPEB01109|01.00|60|untested|ncl|Unlock FPS (RPCS3)|RPCS3 converted USERLIST|0 008AF2F0 60000000;0 008AF350 60000000;0 008AF354 60000000|Converted from RPCS3/community data. Not confirmed on this PS3. Source file: Papo & Yo.|120
BLUS31604|01.00|60|untested|ncl|60 FPS (RPCS3)|RPCS3 converted USERLIST|0 00010268 9061009C;0 00012484 3C88888A;0 00045678 3C88888A;0 000616F0 3C88888A;0 00073F20 3C88888A;0 00077E54 3C88888A;0 00078A70 3C88888A;0 0007A238 3C88888A;0 00081864 3C88888A;0 000885C8 3C88888A;0 0008C550 3C88888A;0 0008D6D0 3C88888A;0 000D058C 3C88888A;0 000D0B4C 3C88888A;0 000E4754 3C88888A;0 000E50F0 3C88888A;0 000F8B78 3C88888A;0 00101CE8 3C88888A;0 001E7344 3C88888A;0 001EB0D4 3C88888A;0 001EB328 3C88888A;0 001EB814 3C88888A;0 001EB940 3C88888A;0 001EBA04 3C88888A;0 001EBBA0 3C88888A;0 001EBCD0 3C88888A;0 001ECCA0 3C88888A;0 00234C64 3C88888A;0 0023F4BC 3C88888A;0 002400BC 3C88888A;0 00240BB0 3C88888A;0 0029231C 3C88888A;0 00294A70 3C88888A;0 002952F8 3C88888A;0 002B0688 3C88888A;0 002B6154 3C88888A;0 002B71F8 3C88888A;0 002B82C8 3C88888A;0 002B98F8 3C88888A;0 002B9F8C 3C88888A;0 002BA614 3C88888A;0 002BC84C 3C88888A;0 002BCD2C 3C88888A;0 002C550C 3C88888A;0 002D1328 3C88888A;0 002D2DDC 3C88888A;0 002D8A10 3C88888A;0 002D8A18 3C88888A;0 002DA46C 3C88888A;0 002FBB00 3C88888A;0 0030E258 3C88888A;0 003181D4 3C88888A;0 0031CE24 3C88888A;0 0031DBE0 3C88888A;0 0033DBD0 3C88888A;0 00358664 3C88888A;0 00359020 3C88888A;0 0035AD10 3C88888A;0 00364A98 3C88888A;0 0037429C 3C88888A;0 00376E7C 3C88888A;0 00379B08 3C88888A;0 0037AAAC 3C88888A;0 0037CF54 3C88888A;0 0037DB7C 3C88888A;0 003803F4 3C88888A;0 00387A80 3C88888A;0 00388684 3C88888A;0 003BDDD0 3C88888A;0 003E944C 3C88888A;0 003F35EC 3C88888A;0 003F6FF4 3C88888A;0 0058CE18 3C88888A;0 0058DE64 3C88888A;0 0058E82C 3C88888A;0 0058E958 3C88888A;0 0058F47C 3C88888A;0 0058FA00 3C88888A;0 0058FAB4 3C88888A;0 0058FBE4 3C88888A;0 0058FD2C 3C88888A;0 0058FE6C 3C88888A;0 00590A04 3C88888A;0 005B6914 3C88888A;0 005F1C6C 3C88888A;0 0062076C 3C88888A;0 007072BC 3C88888A;0 00722D7C 3C88888A;0 0073C840 3C88888A;0 00772E50 3C88888A;0 0087B338 3C88888A;0 00B10110 3C88888A;0 00B6AA14 3C88888A;0 00B6AA38 3C88888A;0 00B70B48 3C88888A;0 00B70BC8 3C88888A;0 00B71CF4 3C88888A;0 00B72F38 3C88888A;0 00CFF46C 3C88888A;0 00061700 3E2AAAAD;0 00069AA4 3E2AAAAD;0 0007A1EC 3E2AAAAD;0 00081880 3E2AAAAD;0 000C8258 3E2AAAAD;0 000C991C 3E2AAAAD;0 00101CCC 3E2AAAAD;0 001E2C44 3E2AAAAD;0 001E61E8 3E2AAAAD;0 001E7338 3E2AAAAD;0 00250C50 3E2AAAAD;0 00256B20 3E2AAAAD;0 00292100 3E2AAAAD;0 00294A60 3E2AAAAD;0 002952E4 3E2AAAAD;0 0029FD98 3E2AAAAD;0 002A1BB8 3E2AAAAD;0 002A41D0 3E2AAAAD;0 002A6124 3E2AAAAD;0 002B4FF0 3E2AAAAD;0 002B60DC 3E2AAAAD;0 002B7174 3E2AAAAD;0 002B82F4 3E2AAAAD;0 002B8E74 3E2AAAAD;0 002BA600 3E2AAAAD;0 002BAB30 3E2AAAAD;0 002BB4E0 3E2AAAAD;0 002BB808 3E2AAAAD;0 002BC368 3E2AAAAD;0 002BC844 3E2AAAAD;0 002BD414 3E2AAAAD;0 002C4F54 3E2AAAAD;0 002C4FF0 3E2AAAAD;0 002C69E4 3E2AAAAD;0 002D4378 3E2AAAAD;0 002DD968 3E2AAAAD;0 002DE538 3E2AAAAD;0 002DEA04 3E2AAAAD;0 0030D7A0 3E2AAAAD;0 0030E6BC 3E2AAAAD;0 003181B8 3E2AAAAD;0 0031AFE0 3E2AAAAD;0 0031CE38 3E2AAAAD;0 0031DBF0 3E2AAAAD;0 0031EC74 3E2AAAAD;0 00322FB4 3E2AAAAD;0 00356560 3E2AAAAD;0 003586BC 3E2AAAAD;0 00358F90 3E2AAAAD;0 0035A380 3E2AAAAD;0 0035AA3C 3E2AAAAD;0 00364A9C 3E2AAAAD;0 003688C8 3E2AAAAD;0 00368A88 3E2AAAAD;0 00368E30 3E2AAAAD;0 00376FD0 3E2AAAAD;0 00377538 3E2AAAAD;0 00377CD8 3E2AAAAD;0 0037C2B0 3E2AAAAD;0 0037D310 3E2AAAAD;0 0037D418 3E2AAAAD;0 0037D5B4 3E2AAAAD;0 0037DD08 3E2AAAAD;0 0037DE10 3E2AAAAD;0 0037DF78 3E2AAAAD;0 00382F38 3E2AAAAD;0 003845F0 3E2AAAAD;0 00387A6C 3E2AAAAD;0 00398208 3E2AAAAD;0 00398460 3E2AAAAD;0 003999F8 3E2AAAAD;0 003A7C64 3E2AAAAD;0 003AA418 3E2AAAAD;0 003AE0E4 3E2AAAAD;0 003AE3A0 3E2AAAAD;0 003B25D8 3E2AAAAD;0 003BC448 3E2AAAAD;0 003C58C0 3E2AAAAD;0 003C67B0 3E2AAAAD;0 003C6D6C 3E2AAAAD;0 003EBC20 3E2AAAAD;0 003EE5F0 3E2AAAAD;0 003F1FE0 3E2AAAAD;0 003F6FC0 3E2AAAAD;0 004EB808 3E2AAAAD;0 0055251C 3E2AAAAD;0 0055EC48 3E2AAAAD;0 0055F4A8 3E2AAAAD;0 0057DC08 3E2AAAAD;0 0057E498 3E2AAAAD;0 005C5364 3E2AAAAD;0 00620714 3E2AAAAD;0 00635CB4 3E2AAAAD;0 00642B98 3E2AAAAD;0 00654EE8 3E2AAAAD;0 00662B04 3E2AAAAD;0 006AFF98 3E2AAAAD;0 006CAA44 3E2AAAAD;0 006E0224 3E2AAAAD;0 006E31A0 3E2AAAAD;0 006FCD3C 3E2AAAAD;0 00772E54 3E2AAAAD;0 00797508 3E2AAAAD;0 00B52E3C 3E2AAAAD;0 00B6AD00 3E2AAAAD;0 00B6B71C 3E2AAAAD;0 00B6E478 3E2AAAAD;0 00B6E880 3E2AAAAD;0 00B6E8B8 3E2AAAAD;0 00B6E8F0 3E2AAAAD;0 00B6E928 3E2AAAAD;0 00B6E960 3E2AAAAD;0 00B6E998 3E2AAAAD;0 00B6E9D0 3E2AAAAD;0 00B6EA08 3E2AAAAD;0 00B6EA40 3E2AAAAD;0 00B6EA78 3E2AAAAD;0 00B6EAB0 3E2AAAAD;0 00B6EAE8 3E2AAAAD;0 00B6EB20 3E2AAAAD;0 00B6EB58 3E2AAAAD;0 00B6EB90 3E2AAAAD;0 00B6EBC8 3E2AAAAD;0 00B6EC00 3E2AAAAD;0 00B6EC38 3E2AAAAD;0 00B6EC70 3E2AAAAD;0 00B6ECA8 3E2AAAAD;0 00B70A54 3E2AAAAD;0 00B70AF0 3E2AAAAD;0 00B70AF8 3E2AAAAD;0 00B70B00 3E2AAAAD;0 00B70B08 3E2AAAAD;0 00B70B10 3E2AAAAD;0 00B70B20 3E2AAAAD;0 00B70B78 3E2AAAAD;0 00B70B88 3E2AAAAD;0 00B70BB4 3E2AAAAD;0 00B70BC4 3E2AAAAD;0 00B70F60 3E2AAAAD;0 00B71BAC 3E2AAAAD;0 00B71BBC 3E2AAAAD;0 00B9BD30 3E2AAAAD;0 00CF96AC 3E2AAAAD;0 00CFA1E8 3E2AAAAD;0 00CFA20C 3E2AAAAD;0 00CFB210 3E2AAAAD;0 00CFB778 3E2AAAAD;0 00CFBC30 3E2AAAAD;0 00CFBCA8 3E2AAAAD;0 00CFBFD4 3E2AAAAD;0 00CFC0A8 3E2AAAAD;0 00CFF3CC 3E2AAAAD;0 00CFF3D4 3E2AAAAD;0 00CFF470 3E2AAAAD;0 00CFF478 3E2AAAAD;0 00CFF480 3E2AAAAD;0 00D06840 3E2AAAAD;0 00D06848 3E2AAAAD;0 000FB71C 3C603C88;0 00109B14 3C603C88;0 0023FBDC 3CA03C88;0 00240620 3CA03C88;0 00241258 3C803C88;0 003CA4BC 3C603C88;0 0087B448 3C603C88;0 0026DCA0 3860001E;0 0026DE4C 3860001E;0 0026E36C 3860001E;0 0026FB10 3860001E;0 0026FB3C 3860001E;0 0026FB78 3860001E;0 0026FC30 3860001E;0 0026FCA0 3860001E;0 0026FD14 3860001E;0 0026FD50 3860001E;0 0026FDF4 3860001E;0 0026FE14 3860001E;0 0026FE50 3860001E;0 0026FE9C 3860001E;0 0026FEDC 3860001E;0 002700E4 3860001E;0 00270304 3860001E;0 00288B04 3860001E;0 00288B4C 3860001E;0 00288B70 3860001E;0 00288BB0 3860001E;0 00288BDC 3860001E;0 00288C18 3860001E;0 00288C3C 3860001E;0 002892F0 3860001E;0 0028931C 3860001E;0 00289344 3860001E;0 0028B324 3860001E;0 0028B4C8 3860001E;0 0028C1A0 3860001E;0 0028C1CC 3860001E;0 0028C1F4 3860001E;0 0028EA90 3860001E;0 0028EACC 3860001E;0 0028EAFC 3860001E;0 0028EB3C 3860001E;0 0028EB60 3860001E;0 001CFE60 3860001E;0 00B44E00 38600001;0 00B44E04 38DD0170;0 00B44E08 48B44E2F;0 00B44E0C 2C040000;0 00B44E10 40820008;0 00B44E14 481F263A;0 00B44E18 7C844014;0 00B44E1C 7CA54014;0 00B44E20 481F2642;0 00B44E24 3CC000D9;0 00B44E28 60C6C6EC;0 00B44E2C 3CE000FF;0 00B44E30 80E7FB50;0 00B44E34 81060000;0 00B44E38 90E60000;0 00B44E3C 7D083850;0 00B44E40 7D09FE70;0 00B44E44 7D084850;0 00B44E48 55080FFE;0 00B44E4C 5509103A;0 00B44E50 4E800020;0 001F161C 38600174;0 001F1640 38800174;0 001F2634 48B44E02;0 00575FB4 48B44E27;0 00576010 48B44E27;0 00576020 7C892010;0 0057602C 7C882010;0 00575FC4 7C892010;0 00575FE0 7C681810|Converted from RPCS3/community data. Not confirmed on this PS3. Source file: Persona 5.|120
BLUS31604|*|60|untested|ncl|60 FPS (RPCS3)|RPCS3 converted USERLIST|0 00010268 9061009C;0 00012484 3C88888A;0 00045678 3C88888A;0 000616F0 3C88888A;0 00073F20 3C88888A;0 00077E54 3C88888A;0 00078A70 3C88888A;0 0007A238 3C88888A;0 00081864 3C88888A;0 000885C8 3C88888A;0 0008C550 3C88888A;0 0008D6D0 3C88888A;0 000D058C 3C88888A;0 000D0B4C 3C88888A;0 000E4754 3C88888A;0 000E50F0 3C88888A;0 000F8B78 3C88888A;0 00101CE8 3C88888A;0 001E7344 3C88888A;0 001EB0D4 3C88888A;0 001EB328 3C88888A;0 001EB814 3C88888A;0 001EB940 3C88888A;0 001EBA04 3C88888A;0 001EBBA0 3C88888A;0 001EBCD0 3C88888A;0 001ECCA0 3C88888A;0 00234C64 3C88888A;0 0023F4BC 3C88888A;0 002400BC 3C88888A;0 00240BB0 3C88888A;0 0029231C 3C88888A;0 00294A70 3C88888A;0 002952F8 3C88888A;0 002B0688 3C88888A;0 002B6154 3C88888A;0 002B71F8 3C88888A;0 002B82C8 3C88888A;0 002B98F8 3C88888A;0 002B9F8C 3C88888A;0 002BA614 3C88888A;0 002BC84C 3C88888A;0 002BCD2C 3C88888A;0 002C550C 3C88888A;0 002D1328 3C88888A;0 002D2DDC 3C88888A;0 002D8A10 3C88888A;0 002D8A18 3C88888A;0 002DA46C 3C88888A;0 002FBB00 3C88888A;0 0030E258 3C88888A;0 003181D4 3C88888A;0 0031CE24 3C88888A;0 0031DBE0 3C88888A;0 0033DBD0 3C88888A;0 00358664 3C88888A;0 00359020 3C88888A;0 0035AD10 3C88888A;0 00364A98 3C88888A;0 0037429C 3C88888A;0 00376E7C 3C88888A;0 00379B08 3C88888A;0 0037AAAC 3C88888A;0 0037CF54 3C88888A;0 0037DB7C 3C88888A;0 003803F4 3C88888A;0 00387A80 3C88888A;0 00388684 3C88888A;0 003BDDD0 3C88888A;0 003E944C 3C88888A;0 003F35EC 3C88888A;0 003F6FF4 3C88888A;0 0058CE18 3C88888A;0 0058DE64 3C88888A;0 0058E82C 3C88888A;0 0058E958 3C88888A;0 0058F47C 3C88888A;0 0058FA00 3C88888A;0 0058FAB4 3C88888A;0 0058FBE4 3C88888A;0 0058FD2C 3C88888A;0 0058FE6C 3C88888A;0 00590A04 3C88888A;0 005B6914 3C88888A;0 005F1C6C 3C88888A;0 0062076C 3C88888A;0 007072BC 3C88888A;0 00722D7C 3C88888A;0 0073C840 3C88888A;0 00772E50 3C88888A;0 0087B338 3C88888A;0 00B10110 3C88888A;0 00B6AA14 3C88888A;0 00B6AA38 3C88888A;0 00B70B48 3C88888A;0 00B70BC8 3C88888A;0 00B71CF4 3C88888A;0 00B72F38 3C88888A;0 00CFF46C 3C88888A;0 00061700 3E2AAAAD;0 00069AA4 3E2AAAAD;0 0007A1EC 3E2AAAAD;0 00081880 3E2AAAAD;0 000C8258 3E2AAAAD;0 000C991C 3E2AAAAD;0 00101CCC 3E2AAAAD;0 001E2C44 3E2AAAAD;0 001E61E8 3E2AAAAD;0 001E7338 3E2AAAAD;0 00250C50 3E2AAAAD;0 00256B20 3E2AAAAD;0 00292100 3E2AAAAD;0 00294A60 3E2AAAAD;0 002952E4 3E2AAAAD;0 0029FD98 3E2AAAAD;0 002A1BB8 3E2AAAAD;0 002A41D0 3E2AAAAD;0 002A6124 3E2AAAAD;0 002B4FF0 3E2AAAAD;0 002B60DC 3E2AAAAD;0 002B7174 3E2AAAAD;0 002B82F4 3E2AAAAD;0 002B8E74 3E2AAAAD;0 002BA600 3E2AAAAD;0 002BAB30 3E2AAAAD;0 002BB4E0 3E2AAAAD;0 002BB808 3E2AAAAD;0 002BC368 3E2AAAAD;0 002BC844 3E2AAAAD;0 002BD414 3E2AAAAD;0 002C4F54 3E2AAAAD;0 002C4FF0 3E2AAAAD;0 002C69E4 3E2AAAAD;0 002D4378 3E2AAAAD;0 002DD968 3E2AAAAD;0 002DE538 3E2AAAAD;0 002DEA04 3E2AAAAD;0 0030D7A0 3E2AAAAD;0 0030E6BC 3E2AAAAD;0 003181B8 3E2AAAAD;0 0031AFE0 3E2AAAAD;0 0031CE38 3E2AAAAD;0 0031DBF0 3E2AAAAD;0 0031EC74 3E2AAAAD;0 00322FB4 3E2AAAAD;0 00356560 3E2AAAAD;0 003586BC 3E2AAAAD;0 00358F90 3E2AAAAD;0 0035A380 3E2AAAAD;0 0035AA3C 3E2AAAAD;0 00364A9C 3E2AAAAD;0 003688C8 3E2AAAAD;0 00368A88 3E2AAAAD;0 00368E30 3E2AAAAD;0 00376FD0 3E2AAAAD;0 00377538 3E2AAAAD;0 00377CD8 3E2AAAAD;0 0037C2B0 3E2AAAAD;0 0037D310 3E2AAAAD;0 0037D418 3E2AAAAD;0 0037D5B4 3E2AAAAD;0 0037DD08 3E2AAAAD;0 0037DE10 3E2AAAAD;0 0037DF78 3E2AAAAD;0 00382F38 3E2AAAAD;0 003845F0 3E2AAAAD;0 00387A6C 3E2AAAAD;0 00398208 3E2AAAAD;0 00398460 3E2AAAAD;0 003999F8 3E2AAAAD;0 003A7C64 3E2AAAAD;0 003AA418 3E2AAAAD;0 003AE0E4 3E2AAAAD;0 003AE3A0 3E2AAAAD;0 003B25D8 3E2AAAAD;0 003BC448 3E2AAAAD;0 003C58C0 3E2AAAAD;0 003C67B0 3E2AAAAD;0 003C6D6C 3E2AAAAD;0 003EBC20 3E2AAAAD;0 003EE5F0 3E2AAAAD;0 003F1FE0 3E2AAAAD;0 003F6FC0 3E2AAAAD;0 004EB808 3E2AAAAD;0 0055251C 3E2AAAAD;0 0055EC48 3E2AAAAD;0 0055F4A8 3E2AAAAD;0 0057DC08 3E2AAAAD;0 0057E498 3E2AAAAD;0 005C5364 3E2AAAAD;0 00620714 3E2AAAAD;0 00635CB4 3E2AAAAD;0 00642B98 3E2AAAAD;0 00654EE8 3E2AAAAD;0 00662B04 3E2AAAAD;0 006AFF98 3E2AAAAD;0 006CAA44 3E2AAAAD;0 006E0224 3E2AAAAD;0 006E31A0 3E2AAAAD;0 006FCD3C 3E2AAAAD;0 00772E54 3E2AAAAD;0 00797508 3E2AAAAD;0 00B52E3C 3E2AAAAD;0 00B6AD00 3E2AAAAD;0 00B6B71C 3E2AAAAD;0 00B6E478 3E2AAAAD;0 00B6E880 3E2AAAAD;0 00B6E8B8 3E2AAAAD;0 00B6E8F0 3E2AAAAD;0 00B6E928 3E2AAAAD;0 00B6E960 3E2AAAAD;0 00B6E998 3E2AAAAD;0 00B6E9D0 3E2AAAAD;0 00B6EA08 3E2AAAAD;0 00B6EA40 3E2AAAAD;0 00B6EA78 3E2AAAAD;0 00B6EAB0 3E2AAAAD;0 00B6EAE8 3E2AAAAD;0 00B6EB20 3E2AAAAD;0 00B6EB58 3E2AAAAD;0 00B6EB90 3E2AAAAD;0 00B6EBC8 3E2AAAAD;0 00B6EC00 3E2AAAAD;0 00B6EC38 3E2AAAAD;0 00B6EC70 3E2AAAAD;0 00B6ECA8 3E2AAAAD;0 00B70A54 3E2AAAAD;0 00B70AF0 3E2AAAAD;0 00B70AF8 3E2AAAAD;0 00B70B00 3E2AAAAD;0 00B70B08 3E2AAAAD;0 00B70B10 3E2AAAAD;0 00B70B20 3E2AAAAD;0 00B70B78 3E2AAAAD;0 00B70B88 3E2AAAAD;0 00B70BB4 3E2AAAAD;0 00B70BC4 3E2AAAAD;0 00B70F60 3E2AAAAD;0 00B71BAC 3E2AAAAD;0 00B71BBC 3E2AAAAD;0 00B9BD30 3E2AAAAD;0 00CF96AC 3E2AAAAD;0 00CFA1E8 3E2AAAAD;0 00CFA20C 3E2AAAAD;0 00CFB210 3E2AAAAD;0 00CFB778 3E2AAAAD;0 00CFBC30 3E2AAAAD;0 00CFBCA8 3E2AAAAD;0 00CFBFD4 3E2AAAAD;0 00CFC0A8 3E2AAAAD;0 00CFF3CC 3E2AAAAD;0 00CFF3D4 3E2AAAAD;0 00CFF470 3E2AAAAD;0 00CFF478 3E2AAAAD;0 00CFF480 3E2AAAAD;0 00D06840 3E2AAAAD;0 00D06848 3E2AAAAD;0 000FB71C 3C603C88;0 00109B14 3C603C88;0 0023FBDC 3CA03C88;0 00240620 3CA03C88;0 00241258 3C803C88;0 003CA4BC 3C603C88;0 0087B448 3C603C88;0 0026DCA0 3860001E;0 0026DE4C 3860001E;0 0026E36C 3860001E;0 0026FB10 3860001E;0 0026FB3C 3860001E;0 0026FB78 3860001E;0 0026FC30 3860001E;0 0026FCA0 3860001E;0 0026FD14 3860001E;0 0026FD50 3860001E;0 0026FDF4 3860001E;0 0026FE14 3860001E;0 0026FE50 3860001E;0 0026FE9C 3860001E;0 0026FEDC 3860001E;0 002700E4 3860001E;0 00270304 3860001E;0 00288B04 3860001E;0 00288B4C 3860001E;0 00288B70 3860001E;0 00288BB0 3860001E;0 00288BDC 3860001E;0 00288C18 3860001E;0 00288C3C 3860001E;0 002892F0 3860001E;0 0028931C 3860001E;0 00289344 3860001E;0 0028B324 3860001E;0 0028B4C8 3860001E;0 0028C1A0 3860001E;0 0028C1CC 3860001E;0 0028C1F4 3860001E;0 0028EA90 3860001E;0 0028EACC 3860001E;0 0028EAFC 3860001E;0 0028EB3C 3860001E;0 0028EB60 3860001E;0 001CFE60 3860001E;0 00B44E00 38600001;0 00B44E04 38DD0170;0 00B44E08 48B44E2F;0 00B44E0C 2C040000;0 00B44E10 40820008;0 00B44E14 481F263A;0 00B44E18 7C844014;0 00B44E1C 7CA54014;0 00B44E20 481F2642;0 00B44E24 3CC000D9;0 00B44E28 60C6C6EC;0 00B44E2C 3CE000FF;0 00B44E30 80E7FB50;0 00B44E34 81060000;0 00B44E38 90E60000;0 00B44E3C 7D083850;0 00B44E40 7D09FE70;0 00B44E44 7D084850;0 00B44E48 55080FFE;0 00B44E4C 5509103A;0 00B44E50 4E800020;0 001F161C 38600174;0 001F1640 38800174;0 001F2634 48B44E02;0 00575FB4 48B44E27;0 00576010 48B44E27;0 00576020 7C892010;0 0057602C 7C882010;0 00575FC4 7C892010;0 00575FE0 7C681810|Converted from RPCS3/community data. Not confirmed on this PS3. Source file: Persona 5.|120
NPEB02436|*|60|untested|ncl|60 FPS (RPCS3)|RPCS3 converted USERLIST|0 00010268 9061009C;0 00012484 3C88888A;0 00045678 3C88888A;0 000616F0 3C88888A;0 00073F20 3C88888A;0 00077E54 3C88888A;0 00078A70 3C88888A;0 0007A238 3C88888A;0 00081864 3C88888A;0 000885C8 3C88888A;0 0008C550 3C88888A;0 0008D6D0 3C88888A;0 000D058C 3C88888A;0 000D0B4C 3C88888A;0 000E4754 3C88888A;0 000E50F0 3C88888A;0 000F8B78 3C88888A;0 00101CE8 3C88888A;0 001E7344 3C88888A;0 001EB0D4 3C88888A;0 001EB328 3C88888A;0 001EB814 3C88888A;0 001EB940 3C88888A;0 001EBA04 3C88888A;0 001EBBA0 3C88888A;0 001EBCD0 3C88888A;0 001ECCA0 3C88888A;0 00234C64 3C88888A;0 0023F4BC 3C88888A;0 002400BC 3C88888A;0 00240BB0 3C88888A;0 0029231C 3C88888A;0 00294A70 3C88888A;0 002952F8 3C88888A;0 002B0688 3C88888A;0 002B6154 3C88888A;0 002B71F8 3C88888A;0 002B82C8 3C88888A;0 002B98F8 3C88888A;0 002B9F8C 3C88888A;0 002BA614 3C88888A;0 002BC84C 3C88888A;0 002BCD2C 3C88888A;0 002C550C 3C88888A;0 002D1328 3C88888A;0 002D2DDC 3C88888A;0 002D8A10 3C88888A;0 002D8A18 3C88888A;0 002DA46C 3C88888A;0 002FBB00 3C88888A;0 0030E258 3C88888A;0 003181D4 3C88888A;0 0031CE24 3C88888A;0 0031DBE0 3C88888A;0 0033DBD0 3C88888A;0 00358664 3C88888A;0 00359020 3C88888A;0 0035AD10 3C88888A;0 00364A98 3C88888A;0 0037429C 3C88888A;0 00376E7C 3C88888A;0 00379B08 3C88888A;0 0037AAAC 3C88888A;0 0037CF54 3C88888A;0 0037DB7C 3C88888A;0 003803F4 3C88888A;0 00387A80 3C88888A;0 00388684 3C88888A;0 003BDDD0 3C88888A;0 003E944C 3C88888A;0 003F35EC 3C88888A;0 003F6FF4 3C88888A;0 0058CE18 3C88888A;0 0058DE64 3C88888A;0 0058E82C 3C88888A;0 0058E958 3C88888A;0 0058F47C 3C88888A;0 0058FA00 3C88888A;0 0058FAB4 3C88888A;0 0058FBE4 3C88888A;0 0058FD2C 3C88888A;0 0058FE6C 3C88888A;0 00590A04 3C88888A;0 005B6914 3C88888A;0 005F1C6C 3C88888A;0 0062076C 3C88888A;0 007072BC 3C88888A;0 00722D7C 3C88888A;0 0073C840 3C88888A;0 00772E50 3C88888A;0 0087B338 3C88888A;0 00B10110 3C88888A;0 00B6AA14 3C88888A;0 00B6AA38 3C88888A;0 00B70B48 3C88888A;0 00B70BC8 3C88888A;0 00B71CF4 3C88888A;0 00B72F38 3C88888A;0 00CFF46C 3C88888A;0 00061700 3E2AAAAD;0 00069AA4 3E2AAAAD;0 0007A1EC 3E2AAAAD;0 00081880 3E2AAAAD;0 000C8258 3E2AAAAD;0 000C991C 3E2AAAAD;0 00101CCC 3E2AAAAD;0 001E2C44 3E2AAAAD;0 001E61E8 3E2AAAAD;0 001E7338 3E2AAAAD;0 00250C50 3E2AAAAD;0 00256B20 3E2AAAAD;0 00292100 3E2AAAAD;0 00294A60 3E2AAAAD;0 002952E4 3E2AAAAD;0 0029FD98 3E2AAAAD;0 002A1BB8 3E2AAAAD;0 002A41D0 3E2AAAAD;0 002A6124 3E2AAAAD;0 002B4FF0 3E2AAAAD;0 002B60DC 3E2AAAAD;0 002B7174 3E2AAAAD;0 002B82F4 3E2AAAAD;0 002B8E74 3E2AAAAD;0 002BA600 3E2AAAAD;0 002BAB30 3E2AAAAD;0 002BB4E0 3E2AAAAD;0 002BB808 3E2AAAAD;0 002BC368 3E2AAAAD;0 002BC844 3E2AAAAD;0 002BD414 3E2AAAAD;0 002C4F54 3E2AAAAD;0 002C4FF0 3E2AAAAD;0 002C69E4 3E2AAAAD;0 002D4378 3E2AAAAD;0 002DD968 3E2AAAAD;0 002DE538 3E2AAAAD;0 002DEA04 3E2AAAAD;0 0030D7A0 3E2AAAAD;0 0030E6BC 3E2AAAAD;0 003181B8 3E2AAAAD;0 0031AFE0 3E2AAAAD;0 0031CE38 3E2AAAAD;0 0031DBF0 3E2AAAAD;0 0031EC74 3E2AAAAD;0 00322FB4 3E2AAAAD;0 00356560 3E2AAAAD;0 003586BC 3E2AAAAD;0 00358F90 3E2AAAAD;0 0035A380 3E2AAAAD;0 0035AA3C 3E2AAAAD;0 00364A9C 3E2AAAAD;0 003688C8 3E2AAAAD;0 00368A88 3E2AAAAD;0 00368E30 3E2AAAAD;0 00376FD0 3E2AAAAD;0 00377538 3E2AAAAD;0 00377CD8 3E2AAAAD;0 0037C2B0 3E2AAAAD;0 0037D310 3E2AAAAD;0 0037D418 3E2AAAAD;0 0037D5B4 3E2AAAAD;0 0037DD08 3E2AAAAD;0 0037DE10 3E2AAAAD;0 0037DF78 3E2AAAAD;0 00382F38 3E2AAAAD;0 003845F0 3E2AAAAD;0 00387A6C 3E2AAAAD;0 00398208 3E2AAAAD;0 00398460 3E2AAAAD;0 003999F8 3E2AAAAD;0 003A7C64 3E2AAAAD;0 003AA418 3E2AAAAD;0 003AE0E4 3E2AAAAD;0 003AE3A0 3E2AAAAD;0 003B25D8 3E2AAAAD;0 003BC448 3E2AAAAD;0 003C58C0 3E2AAAAD;0 003C67B0 3E2AAAAD;0 003C6D6C 3E2AAAAD;0 003EBC20 3E2AAAAD;0 003EE5F0 3E2AAAAD;0 003F1FE0 3E2AAAAD;0 003F6FC0 3E2AAAAD;0 004EB808 3E2AAAAD;0 0055251C 3E2AAAAD;0 0055EC48 3E2AAAAD;0 0055F4A8 3E2AAAAD;0 0057DC08 3E2AAAAD;0 0057E498 3E2AAAAD;0 005C5364 3E2AAAAD;0 00620714 3E2AAAAD;0 00635CB4 3E2AAAAD;0 00642B98 3E2AAAAD;0 00654EE8 3E2AAAAD;0 00662B04 3E2AAAAD;0 006AFF98 3E2AAAAD;0 006CAA44 3E2AAAAD;0 006E0224 3E2AAAAD;0 006E31A0 3E2AAAAD;0 006FCD3C 3E2AAAAD;0 00772E54 3E2AAAAD;0 00797508 3E2AAAAD;0 00B52E3C 3E2AAAAD;0 00B6AD00 3E2AAAAD;0 00B6B71C 3E2AAAAD;0 00B6E478 3E2AAAAD;0 00B6E880 3E2AAAAD;0 00B6E8B8 3E2AAAAD;0 00B6E8F0 3E2AAAAD;0 00B6E928 3E2AAAAD;0 00B6E960 3E2AAAAD;0 00B6E998 3E2AAAAD;0 00B6E9D0 3E2AAAAD;0 00B6EA08 3E2AAAAD;0 00B6EA40 3E2AAAAD;0 00B6EA78 3E2AAAAD;0 00B6EAB0 3E2AAAAD;0 00B6EAE8 3E2AAAAD;0 00B6EB20 3E2AAAAD;0 00B6EB58 3E2AAAAD;0 00B6EB90 3E2AAAAD;0 00B6EBC8 3E2AAAAD;0 00B6EC00 3E2AAAAD;0 00B6EC38 3E2AAAAD;0 00B6EC70 3E2AAAAD;0 00B6ECA8 3E2AAAAD;0 00B70A54 3E2AAAAD;0 00B70AF0 3E2AAAAD;0 00B70AF8 3E2AAAAD;0 00B70B00 3E2AAAAD;0 00B70B08 3E2AAAAD;0 00B70B10 3E2AAAAD;0 00B70B20 3E2AAAAD;0 00B70B78 3E2AAAAD;0 00B70B88 3E2AAAAD;0 00B70BB4 3E2AAAAD;0 00B70BC4 3E2AAAAD;0 00B70F60 3E2AAAAD;0 00B71BAC 3E2AAAAD;0 00B71BBC 3E2AAAAD;0 00B9BD30 3E2AAAAD;0 00CF96AC 3E2AAAAD;0 00CFA1E8 3E2AAAAD;0 00CFA20C 3E2AAAAD;0 00CFB210 3E2AAAAD;0 00CFB778 3E2AAAAD;0 00CFBC30 3E2AAAAD;0 00CFBCA8 3E2AAAAD;0 00CFBFD4 3E2AAAAD;0 00CFC0A8 3E2AAAAD;0 00CFF3CC 3E2AAAAD;0 00CFF3D4 3E2AAAAD;0 00CFF470 3E2AAAAD;0 00CFF478 3E2AAAAD;0 00CFF480 3E2AAAAD;0 00D06840 3E2AAAAD;0 00D06848 3E2AAAAD;0 000FB71C 3C603C88;0 00109B14 3C603C88;0 0023FBDC 3CA03C88;0 00240620 3CA03C88;0 00241258 3C803C88;0 003CA4BC 3C603C88;0 0087B448 3C603C88;0 0026DCA0 3860001E;0 0026DE4C 3860001E;0 0026E36C 3860001E;0 0026FB10 3860001E;0 0026FB3C 3860001E;0 0026FB78 3860001E;0 0026FC30 3860001E;0 0026FCA0 3860001E;0 0026FD14 3860001E;0 0026FD50 3860001E;0 0026FDF4 3860001E;0 0026FE14 3860001E;0 0026FE50 3860001E;0 0026FE9C 3860001E;0 0026FEDC 3860001E;0 002700E4 3860001E;0 00270304 3860001E;0 00288B04 3860001E;0 00288B4C 3860001E;0 00288B70 3860001E;0 00288BB0 3860001E;0 00288BDC 3860001E;0 00288C18 3860001E;0 00288C3C 3860001E;0 002892F0 3860001E;0 0028931C 3860001E;0 00289344 3860001E;0 0028B324 3860001E;0 0028B4C8 3860001E;0 0028C1A0 3860001E;0 0028C1CC 3860001E;0 0028C1F4 3860001E;0 0028EA90 3860001E;0 0028EACC 3860001E;0 0028EAFC 3860001E;0 0028EB3C 3860001E;0 0028EB60 3860001E;0 001CFE60 3860001E;0 00B44E00 38600001;0 00B44E04 38DD0170;0 00B44E08 48B44E2F;0 00B44E0C 2C040000;0 00B44E10 40820008;0 00B44E14 481F263A;0 00B44E18 7C844014;0 00B44E1C 7CA54014;0 00B44E20 481F2642;0 00B44E24 3CC000D9;0 00B44E28 60C6C6EC;0 00B44E2C 3CE000FF;0 00B44E30 80E7FB50;0 00B44E34 81060000;0 00B44E38 90E60000;0 00B44E3C 7D083850;0 00B44E40 7D09FE70;0 00B44E44 7D084850;0 00B44E48 55080FFE;0 00B44E4C 5509103A;0 00B44E50 4E800020;0 001F161C 38600174;0 001F1640 38800174;0 001F2634 48B44E02;0 00575FB4 48B44E27;0 00576010 48B44E27;0 00576020 7C892010;0 0057602C 7C882010;0 00575FC4 7C892010;0 00575FE0 7C681810|Converted from RPCS3/community data. Not confirmed on this PS3. Source file: Persona 5.|120
NPUB31848|*|60|untested|ncl|60 FPS (RPCS3)|RPCS3 converted USERLIST|0 00010268 9061009C;0 00012484 3C88888A;0 00045678 3C88888A;0 000616F0 3C88888A;0 00073F20 3C88888A;0 00077E54 3C88888A;0 00078A70 3C88888A;0 0007A238 3C88888A;0 00081864 3C88888A;0 000885C8 3C88888A;0 0008C550 3C88888A;0 0008D6D0 3C88888A;0 000D058C 3C88888A;0 000D0B4C 3C88888A;0 000E4754 3C88888A;0 000E50F0 3C88888A;0 000F8B78 3C88888A;0 00101CE8 3C88888A;0 001E7344 3C88888A;0 001EB0D4 3C88888A;0 001EB328 3C88888A;0 001EB814 3C88888A;0 001EB940 3C88888A;0 001EBA04 3C88888A;0 001EBBA0 3C88888A;0 001EBCD0 3C88888A;0 001ECCA0 3C88888A;0 00234C64 3C88888A;0 0023F4BC 3C88888A;0 002400BC 3C88888A;0 00240BB0 3C88888A;0 0029231C 3C88888A;0 00294A70 3C88888A;0 002952F8 3C88888A;0 002B0688 3C88888A;0 002B6154 3C88888A;0 002B71F8 3C88888A;0 002B82C8 3C88888A;0 002B98F8 3C88888A;0 002B9F8C 3C88888A;0 002BA614 3C88888A;0 002BC84C 3C88888A;0 002BCD2C 3C88888A;0 002C550C 3C88888A;0 002D1328 3C88888A;0 002D2DDC 3C88888A;0 002D8A10 3C88888A;0 002D8A18 3C88888A;0 002DA46C 3C88888A;0 002FBB00 3C88888A;0 0030E258 3C88888A;0 003181D4 3C88888A;0 0031CE24 3C88888A;0 0031DBE0 3C88888A;0 0033DBD0 3C88888A;0 00358664 3C88888A;0 00359020 3C88888A;0 0035AD10 3C88888A;0 00364A98 3C88888A;0 0037429C 3C88888A;0 00376E7C 3C88888A;0 00379B08 3C88888A;0 0037AAAC 3C88888A;0 0037CF54 3C88888A;0 0037DB7C 3C88888A;0 003803F4 3C88888A;0 00387A80 3C88888A;0 00388684 3C88888A;0 003BDDD0 3C88888A;0 003E944C 3C88888A;0 003F35EC 3C88888A;0 003F6FF4 3C88888A;0 0058CE18 3C88888A;0 0058DE64 3C88888A;0 0058E82C 3C88888A;0 0058E958 3C88888A;0 0058F47C 3C88888A;0 0058FA00 3C88888A;0 0058FAB4 3C88888A;0 0058FBE4 3C88888A;0 0058FD2C 3C88888A;0 0058FE6C 3C88888A;0 00590A04 3C88888A;0 005B6914 3C88888A;0 005F1C6C 3C88888A;0 0062076C 3C88888A;0 007072BC 3C88888A;0 00722D7C 3C88888A;0 0073C840 3C88888A;0 00772E50 3C88888A;0 0087B338 3C88888A;0 00B10110 3C88888A;0 00B6AA14 3C88888A;0 00B6AA38 3C88888A;0 00B70B48 3C88888A;0 00B70BC8 3C88888A;0 00B71CF4 3C88888A;0 00B72F38 3C88888A;0 00CFF46C 3C88888A;0 00061700 3E2AAAAD;0 00069AA4 3E2AAAAD;0 0007A1EC 3E2AAAAD;0 00081880 3E2AAAAD;0 000C8258 3E2AAAAD;0 000C991C 3E2AAAAD;0 00101CCC 3E2AAAAD;0 001E2C44 3E2AAAAD;0 001E61E8 3E2AAAAD;0 001E7338 3E2AAAAD;0 00250C50 3E2AAAAD;0 00256B20 3E2AAAAD;0 00292100 3E2AAAAD;0 00294A60 3E2AAAAD;0 002952E4 3E2AAAAD;0 0029FD98 3E2AAAAD;0 002A1BB8 3E2AAAAD;0 002A41D0 3E2AAAAD;0 002A6124 3E2AAAAD;0 002B4FF0 3E2AAAAD;0 002B60DC 3E2AAAAD;0 002B7174 3E2AAAAD;0 002B82F4 3E2AAAAD;0 002B8E74 3E2AAAAD;0 002BA600 3E2AAAAD;0 002BAB30 3E2AAAAD;0 002BB4E0 3E2AAAAD;0 002BB808 3E2AAAAD;0 002BC368 3E2AAAAD;0 002BC844 3E2AAAAD;0 002BD414 3E2AAAAD;0 002C4F54 3E2AAAAD;0 002C4FF0 3E2AAAAD;0 002C69E4 3E2AAAAD;0 002D4378 3E2AAAAD;0 002DD968 3E2AAAAD;0 002DE538 3E2AAAAD;0 002DEA04 3E2AAAAD;0 0030D7A0 3E2AAAAD;0 0030E6BC 3E2AAAAD;0 003181B8 3E2AAAAD;0 0031AFE0 3E2AAAAD;0 0031CE38 3E2AAAAD;0 0031DBF0 3E2AAAAD;0 0031EC74 3E2AAAAD;0 00322FB4 3E2AAAAD;0 00356560 3E2AAAAD;0 003586BC 3E2AAAAD;0 00358F90 3E2AAAAD;0 0035A380 3E2AAAAD;0 0035AA3C 3E2AAAAD;0 00364A9C 3E2AAAAD;0 003688C8 3E2AAAAD;0 00368A88 3E2AAAAD;0 00368E30 3E2AAAAD;0 00376FD0 3E2AAAAD;0 00377538 3E2AAAAD;0 00377CD8 3E2AAAAD;0 0037C2B0 3E2AAAAD;0 0037D310 3E2AAAAD;0 0037D418 3E2AAAAD;0 0037D5B4 3E2AAAAD;0 0037DD08 3E2AAAAD;0 0037DE10 3E2AAAAD;0 0037DF78 3E2AAAAD;0 00382F38 3E2AAAAD;0 003845F0 3E2AAAAD;0 00387A6C 3E2AAAAD;0 00398208 3E2AAAAD;0 00398460 3E2AAAAD;0 003999F8 3E2AAAAD;0 003A7C64 3E2AAAAD;0 003AA418 3E2AAAAD;0 003AE0E4 3E2AAAAD;0 003AE3A0 3E2AAAAD;0 003B25D8 3E2AAAAD;0 003BC448 3E2AAAAD;0 003C58C0 3E2AAAAD;0 003C67B0 3E2AAAAD;0 003C6D6C 3E2AAAAD;0 003EBC20 3E2AAAAD;0 003EE5F0 3E2AAAAD;0 003F1FE0 3E2AAAAD;0 003F6FC0 3E2AAAAD;0 004EB808 3E2AAAAD;0 0055251C 3E2AAAAD;0 0055EC48 3E2AAAAD;0 0055F4A8 3E2AAAAD;0 0057DC08 3E2AAAAD;0 0057E498 3E2AAAAD;0 005C5364 3E2AAAAD;0 00620714 3E2AAAAD;0 00635CB4 3E2AAAAD;0 00642B98 3E2AAAAD;0 00654EE8 3E2AAAAD;0 00662B04 3E2AAAAD;0 006AFF98 3E2AAAAD;0 006CAA44 3E2AAAAD;0 006E0224 3E2AAAAD;0 006E31A0 3E2AAAAD;0 006FCD3C 3E2AAAAD;0 00772E54 3E2AAAAD;0 00797508 3E2AAAAD;0 00B52E3C 3E2AAAAD;0 00B6AD00 3E2AAAAD;0 00B6B71C 3E2AAAAD;0 00B6E478 3E2AAAAD;0 00B6E880 3E2AAAAD;0 00B6E8B8 3E2AAAAD;0 00B6E8F0 3E2AAAAD;0 00B6E928 3E2AAAAD;0 00B6E960 3E2AAAAD;0 00B6E998 3E2AAAAD;0 00B6E9D0 3E2AAAAD;0 00B6EA08 3E2AAAAD;0 00B6EA40 3E2AAAAD;0 00B6EA78 3E2AAAAD;0 00B6EAB0 3E2AAAAD;0 00B6EAE8 3E2AAAAD;0 00B6EB20 3E2AAAAD;0 00B6EB58 3E2AAAAD;0 00B6EB90 3E2AAAAD;0 00B6EBC8 3E2AAAAD;0 00B6EC00 3E2AAAAD;0 00B6EC38 3E2AAAAD;0 00B6EC70 3E2AAAAD;0 00B6ECA8 3E2AAAAD;0 00B70A54 3E2AAAAD;0 00B70AF0 3E2AAAAD;0 00B70AF8 3E2AAAAD;0 00B70B00 3E2AAAAD;0 00B70B08 3E2AAAAD;0 00B70B10 3E2AAAAD;0 00B70B20 3E2AAAAD;0 00B70B78 3E2AAAAD;0 00B70B88 3E2AAAAD;0 00B70BB4 3E2AAAAD;0 00B70BC4 3E2AAAAD;0 00B70F60 3E2AAAAD;0 00B71BAC 3E2AAAAD;0 00B71BBC 3E2AAAAD;0 00B9BD30 3E2AAAAD;0 00CF96AC 3E2AAAAD;0 00CFA1E8 3E2AAAAD;0 00CFA20C 3E2AAAAD;0 00CFB210 3E2AAAAD;0 00CFB778 3E2AAAAD;0 00CFBC30 3E2AAAAD;0 00CFBCA8 3E2AAAAD;0 00CFBFD4 3E2AAAAD;0 00CFC0A8 3E2AAAAD;0 00CFF3CC 3E2AAAAD;0 00CFF3D4 3E2AAAAD;0 00CFF470 3E2AAAAD;0 00CFF478 3E2AAAAD;0 00CFF480 3E2AAAAD;0 00D06840 3E2AAAAD;0 00D06848 3E2AAAAD;0 000FB71C 3C603C88;0 00109B14 3C603C88;0 0023FBDC 3CA03C88;0 00240620 3CA03C88;0 00241258 3C803C88;0 003CA4BC 3C603C88;0 0087B448 3C603C88;0 0026DCA0 3860001E;0 0026DE4C 3860001E;0 0026E36C 3860001E;0 0026FB10 3860001E;0 0026FB3C 3860001E;0 0026FB78 3860001E;0 0026FC30 3860001E;0 0026FCA0 3860001E;0 0026FD14 3860001E;0 0026FD50 3860001E;0 0026FDF4 3860001E;0 0026FE14 3860001E;0 0026FE50 3860001E;0 0026FE9C 3860001E;0 0026FEDC 3860001E;0 002700E4 3860001E;0 00270304 3860001E;0 00288B04 3860001E;0 00288B4C 3860001E;0 00288B70 3860001E;0 00288BB0 3860001E;0 00288BDC 3860001E;0 00288C18 3860001E;0 00288C3C 3860001E;0 002892F0 3860001E;0 0028931C 3860001E;0 00289344 3860001E;0 0028B324 3860001E;0 0028B4C8 3860001E;0 0028C1A0 3860001E;0 0028C1CC 3860001E;0 0028C1F4 3860001E;0 0028EA90 3860001E;0 0028EACC 3860001E;0 0028EAFC 3860001E;0 0028EB3C 3860001E;0 0028EB60 3860001E;0 001CFE60 3860001E;0 00B44E00 38600001;0 00B44E04 38DD0170;0 00B44E08 48B44E2F;0 00B44E0C 2C040000;0 00B44E10 40820008;0 00B44E14 481F263A;0 00B44E18 7C844014;0 00B44E1C 7CA54014;0 00B44E20 481F2642;0 00B44E24 3CC000D9;0 00B44E28 60C6C6EC;0 00B44E2C 3CE000FF;0 00B44E30 80E7FB50;0 00B44E34 81060000;0 00B44E38 90E60000;0 00B44E3C 7D083850;0 00B44E40 7D09FE70;0 00B44E44 7D084850;0 00B44E48 55080FFE;0 00B44E4C 5509103A;0 00B44E50 4E800020;0 001F161C 38600174;0 001F1640 38800174;0 001F2634 48B44E02;0 00575FB4 48B44E27;0 00576010 48B44E27;0 00576020 7C892010;0 0057602C 7C882010;0 00575FC4 7C892010;0 00575FE0 7C681810|Converted from RPCS3/community data. Not confirmed on this PS3. Source file: Persona 5.|120
BLES01532|*|60|untested|ncl|Unlock FPS (PSXPlace)|RPCS3 converted USERLIST|0 006E9BE8 60000000;0 006E9B60 60000000|Converted from RPCS3/community data. Not confirmed on this PS3. Source file: Prototype 2.|120
BLES01534|*|60|untested|ncl|Unlock FPS (PSXPlace)|RPCS3 converted USERLIST|0 006E9BE8 60000000;0 006E9B60 60000000|Converted from RPCS3/community data. Not confirmed on this PS3. Source file: Prototype 2.|120
BLUS30756|*|60|untested|ncl|Unlock FPS (PSXPlace)|RPCS3 converted USERLIST|0 006E9BE8 60000000;0 006E9B60 60000000|Converted from RPCS3/community data. Not confirmed on this PS3. Source file: Prototype 2.|120
NPEB00917|*|60|untested|ncl|Unlock FPS (PSXPlace)|RPCS3 converted USERLIST|0 006E9BE8 60000000;0 006E9B60 60000000|Converted from RPCS3/community data. Not confirmed on this PS3. Source file: Prototype 2.|120
NPUB30801|*|60|untested|ncl|Unlock FPS (PSXPlace)|RPCS3 converted USERLIST|0 006E9BE8 60000000;0 006E9B60 60000000|Converted from RPCS3/community data. Not confirmed on this PS3. Source file: Prototype 2.|120
BLES01532|01.01|60|untested|ncl|Unlock FPS (PSXPlace)|RPCS3 converted USERLIST|0 006E9BE8 60000000;0 006E9B60 60000000|Converted from RPCS3/community data. Not confirmed on this PS3. Source file: Prototype 2.|120
BLUS30756|01.01|60|untested|ncl|Unlock FPS (PSXPlace)|RPCS3 converted USERLIST|0 006E9BE8 60000000;0 006E9B60 60000000|Converted from RPCS3/community data. Not confirmed on this PS3. Source file: Prototype 2.|120
BLES01916|01.00|60|untested|ncl|Unlock FPS (PSXPlace)|RPCS3 converted USERLIST|0 00259328 38600001;0 0025C100 48000050|Converted from RPCS3/community data. Not confirmed on this PS3. Source file: Psycho Break.|120
BLES02093|01.00|60|untested|ncl|Unlock FPS (PSXPlace)|RPCS3 converted USERLIST|0 00259328 38600001;0 0025C100 48000050|Converted from RPCS3/community data. Not confirmed on this PS3. Source file: Psycho Break.|120
BLJM61235|01.00|60|untested|ncl|Unlock FPS (PSXPlace)|RPCS3 converted USERLIST|0 00259328 38600001;0 0025C100 48000050|Converted from RPCS3/community data. Not confirmed on this PS3. Source file: Psycho Break.|120
BLUS31374|01.00|60|untested|ncl|Unlock FPS (PSXPlace)|RPCS3 converted USERLIST|0 00259328 38600001;0 0025C100 48000050|Converted from RPCS3/community data. Not confirmed on this PS3. Source file: Psycho Break.|120
NPEB01797|01.00|60|untested|ncl|Unlock FPS (PSXPlace)|RPCS3 converted USERLIST|0 00259328 38600001;0 0025C100 48000050|Converted from RPCS3/community data. Not confirmed on this PS3. Source file: Psycho Break.|120
NPUB31392|01.00|60|untested|ncl|Unlock FPS (PSXPlace)|RPCS3 converted USERLIST|0 00259328 38600001;0 0025C100 48000050|Converted from RPCS3/community data. Not confirmed on this PS3. Source file: Psycho Break.|120
BLES01916|01.03|60|untested|ncl|Unlock FPS (PSXPlace)|RPCS3 converted USERLIST|0 00259328 38600001;0 0025C100 48000050|Converted from RPCS3/community data. Not confirmed on this PS3. Source file: Psycho Break.|120
BLJM61235|01.03|60|untested|ncl|Unlock FPS (PSXPlace)|RPCS3 converted USERLIST|0 00259328 38600001;0 0025C100 48000050|Converted from RPCS3/community data. Not confirmed on this PS3. Source file: Psycho Break.|120
NPEB01797|01.03|60|untested|ncl|Unlock FPS (PSXPlace)|RPCS3 converted USERLIST|0 00259328 38600001;0 0025C100 48000050|Converted from RPCS3/community data. Not confirmed on this PS3. Source file: Psycho Break.|120
BCES00935|01.00|60|untested|ncl|60 FPS (RPCS3)|RPCS3 converted USERLIST|0 00042A2C 38800001;0 00083DF8 3F800000|Converted from RPCS3/community data. Not confirmed on this PS3. Source file: Pupeteer.|120
NPEA00439|01.00|60|untested|ncl|60 FPS (RPCS3)|RPCS3 converted USERLIST|0 000431DC 38800001;0 00084690 3F800000|Converted from RPCS3/community data. Not confirmed on this PS3. Source file: Pupeteer.|120
BLES01963|01.00|60|untested|ncl|60 FPS v01.01 (RPCS3)|RPCS3 converted USERLIST|0 0060F759 48494748|Converted from RPCS3/community data. Not confirmed on this PS3. Source file: Rambo.|120
BLUS31387|01.00|60|untested|ncl|60 FPS (RPCS3)|RPCS3 converted USERLIST|0 0060F759 48494748|Converted from RPCS3/community data. Not confirmed on this PS3. Source file: Rambo.|120
BCES00301|01.00|60|untested|ncl|Unlock FPS (RPCS3)|RPCS3 converted USERLIST|0 00855048 3A83126F|Converted from RPCS3/community data. Not confirmed on this PS3. Source file: Ratchet & Clank Quest For Booty.|120
BCAS20200|01.00|60|untested|ncl|Unlock FPS (PSXPlace)|RPCS3 converted USERLIST|0 0073C7A0 38600001;0 0073C78C 38A00001|Converted from RPCS3/community data. Not confirmed on this PS3. Source file: Ratchet And Clank 4 Za Jednego.|120
BCES01141|01.00|60|untested|ncl|Unlock FPS (PSXPlace)|RPCS3 converted USERLIST|0 0073C7A0 38600001;0 0073C78C 38A00001|Converted from RPCS3/community data. Not confirmed on this PS3. Source file: Ratchet And Clank 4 Za Jednego.|120
BCJS30081|01.00|60|untested|ncl|Unlock FPS (PSXPlace)|RPCS3 converted USERLIST|0 0073C7A0 38600001;0 0073C78C 38A00001|Converted from RPCS3/community data. Not confirmed on this PS3. Source file: Ratchet And Clank 4 Za Jednego.|120
BCUS98175|01.00|60|untested|ncl|Unlock FPS (PSXPlace)|RPCS3 converted USERLIST|0 0073C7A0 38600001;0 0073C78C 38A00001|Converted from RPCS3/community data. Not confirmed on this PS3. Source file: Ratchet And Clank 4 Za Jednego.|120
NPEA00356|01.00|60|untested|ncl|Unlock FPS (PSXPlace)|RPCS3 converted USERLIST|0 0073C7A0 38600001;0 0073C78C 38A00001|Converted from RPCS3/community data. Not confirmed on this PS3. Source file: Ratchet And Clank 4 Za Jednego.|120
BCAS20200|01.00|60|untested|ncl|Unlock FPS (RPCS3)|RPCS3 converted USERLIST|0 0031A186 3A83;0 0031A192 126F|Converted from RPCS3/community data. Not confirmed on this PS3. Source file: Ratchet And Clank 4 Za Jednego.|120
BCES01141|01.00|60|untested|ncl|Unlock FPS (RPCS3)|RPCS3 converted USERLIST|0 0031A186 3A83;0 0031A192 126F|Converted from RPCS3/community data. Not confirmed on this PS3. Source file: Ratchet And Clank 4 Za Jednego.|120
BCJS30081|01.00|60|untested|ncl|Unlock FPS (RPCS3)|RPCS3 converted USERLIST|0 0031A186 3A83;0 0031A192 126F|Converted from RPCS3/community data. Not confirmed on this PS3. Source file: Ratchet And Clank 4 Za Jednego.|120
BCUS98175|01.00|60|untested|ncl|Unlock FPS (RPCS3)|RPCS3 converted USERLIST|0 0031A186 3A83;0 0031A192 126F|Converted from RPCS3/community data. Not confirmed on this PS3. Source file: Ratchet And Clank 4 Za Jednego.|120
NPEA00356|01.00|60|untested|ncl|Unlock FPS (RPCS3)|RPCS3 converted USERLIST|0 0031A186 3A83;0 0031A192 126F|Converted from RPCS3/community data. Not confirmed on this PS3. Source file: Ratchet And Clank 4 Za Jednego.|120
BCAS20200|01.03|60|untested|ncl|Unlock FPS (RPCS3)|RPCS3 converted USERLIST|0 0031A186 3A83;0 0031A192 126F|Converted from RPCS3/community data. Not confirmed on this PS3. Source file: Ratchet And Clank All 4 One.|120
BCES01141|01.03|60|untested|ncl|Unlock FPS (RPCS3)|RPCS3 converted USERLIST|0 0031A186 3A83;0 0031A192 126F|Converted from RPCS3/community data. Not confirmed on this PS3. Source file: Ratchet And Clank All 4 One.|120
BCJS30081|01.03|60|untested|ncl|Unlock FPS (RPCS3)|RPCS3 converted USERLIST|0 0031A186 3A83;0 0031A192 126F|Converted from RPCS3/community data. Not confirmed on this PS3. Source file: Ratchet And Clank All 4 One.|120
BCUS98175|01.03|60|untested|ncl|Unlock FPS (RPCS3)|RPCS3 converted USERLIST|0 0031A186 3A83;0 0031A192 126F|Converted from RPCS3/community data. Not confirmed on this PS3. Source file: Ratchet And Clank All 4 One.|120
NPEA00356|01.03|60|untested|ncl|Unlock FPS (RPCS3)|RPCS3 converted USERLIST|0 0031A186 3A83;0 0031A192 126F|Converted from RPCS3/community data. Not confirmed on this PS3. Source file: Ratchet And Clank All 4 One.|120
BCES01594|01.00|60|untested|ncl|Unlock FPS (RPCS3)|RPCS3 converted USERLIST|0 0032BCA6 3A83;0 0032BCB2 126F|Converted from RPCS3/community data. Not confirmed on this PS3. Source file: Ratchet And Clank Full Frontal Assault.|120
BCUS98380|01.00|60|untested|ncl|Unlock FPS (RPCS3)|RPCS3 converted USERLIST|0 0032BCA6 3A83;0 0032BCB2 126F|Converted from RPCS3/community data. Not confirmed on this PS3. Source file: Ratchet And Clank Full Frontal Assault.|120
BCUS98380|01.04|60|untested|ncl|Unlock FPS v01.05 (RPCS3)|RPCS3 converted USERLIST|0 0032BCA6 3A83;0 0032BCB2 126F|Converted from RPCS3/community data. Not confirmed on this PS3. Source file: Ratchet And Clank Full Frontal Assault.|120
NPJA00089|01.04|60|untested|ncl|Unlock FPS v01.05 (RPCS3)|RPCS3 converted USERLIST|0 0032BCA6 3A83;0 0032BCB2 126F|Converted from RPCS3/community data. Not confirmed on this PS3. Source file: Ratchet And Clank Full Frontal Assault.|120
NPUA80642|01.00|60|untested|ncl|Unlock FPS (RPCS3)|RPCS3 converted USERLIST|0 003252B2 3A83;0 003252BE 126F|Converted from RPCS3/community data. Not confirmed on this PS3. Source file: Ratchet And Clank Full Frontal Assault.|120
BCUS98124|01.00|60|untested|ncl|Unlock FPS (RPCS3)|RPCS3 converted USERLIST|0 00CA2448 3A83126F;0 00CA40B8 3A83126F;0 00C942FC 3A83126F|Converted from RPCS3/community data. Not confirmed on this PS3. Source file: Ratchet And Clank Future A Crack In Time.|120
BCUS98124|01.02|60|untested|ncl|Unlock FPS v01.00 (RPCS3)|RPCS3 converted USERLIST|0 00CA2448 3A83126F;0 00CA40B8 3A83126F;0 00C942FC 3A83126F|Converted from RPCS3/community data. Not confirmed on this PS3. Source file: Ratchet And Clank Future A Crack In Time.|120
BCUS98124|01.01|60|untested|ncl|Unlock FPS (RPCS3)|RPCS3 converted USERLIST|0 00CA2448 3A83126F;0 00CA40B8 3A83126F;0 00C942FC 3A83126F|Converted from RPCS3/community data. Not confirmed on this PS3. Source file: Ratchet And Clank Future A Crack In Time.|120
BCAS20052|01.00|60|untested|ncl|Unlock FPS (RPCS3)|RPCS3 converted USERLIST|0 00855048 3A83126F|Converted from RPCS3/community data. Not confirmed on this PS3. Source file: Ratchet And Clank Future Alla Ricerca Del Tesoro.|120
NPUA80145|01.00|60|untested|ncl|Unlock FPS (RPCS3)|RPCS3 converted USERLIST|0 00855048 3A83126F|Converted from RPCS3/community data. Not confirmed on this PS3. Source file: Ratchet And Clank Future Alla Ricerca Del Tesoro.|120
BCES00052|01.00|60|untested|ncl|Unlock FPS (RPCS3)|RPCS3 converted USERLIST|0 008AA558 3A83126F|Converted from RPCS3/community data. Not confirmed on this PS3. Source file: Ratchet And Clank Future Armados Hasta Los Dientes.|120
BCUS98127|01.00|60|untested|ncl|Unlock FPS (RPCS3)|RPCS3 converted USERLIST|0 008AA558 3A83126F|Converted from RPCS3/community data. Not confirmed on this PS3. Source file: Ratchet And Clank Future Armados Hasta Los Dientes.|120
BCUS98127|01.00|60|untested|ncl|Unlock FPS (RPCS3)|RPCS3 converted USERLIST|0 008AA550 3A83126F|Converted from RPCS3/community data. Not confirmed on this PS3. Source file: Ratchet And Clank Future Tools Of Destruction.|120
BCES01908|01.00|60|untested|ncl|Unlock FPS (PSXPlace)|RPCS3 converted USERLIST|0 0069A550 38A00001;0 0069A564 38600001|Converted from RPCS3/community data. Not confirmed on this PS3. Source file: Ratchet And Clank Nexus.|120
BCES01908|01.00|60|untested|ncl|Unlock FPS (RPCS3)|RPCS3 converted USERLIST|0 0032F002 3A83;0 0032F00E 126F|Converted from RPCS3/community data. Not confirmed on this PS3. Source file: Ratchet And Clank Nexus.|120
BCES01908|01.01|60|untested|ncl|Unlock FPS (RPCS3)|RPCS3 converted USERLIST|0 0032FF02 3A83;0 0032FF0E 126F|Converted from RPCS3/community data. Not confirmed on this PS3. Source file: Ratchet And Clank Nexus.|120
BCES01594|01.04|60|untested|ncl|Unlock FPS v01.05 (RPCS3)|RPCS3 converted USERLIST|0 0032BCA6 3A83;0 0032BCB2 126F|Converted from RPCS3/community data. Not confirmed on this PS3. Source file: Ratchet And Clank QForce.|120
BCES01594|01.05|60|untested|ncl|Unlock FPS (RPCS3)|RPCS3 converted USERLIST|0 0032BCA6 3A83;0 0032BCB2 126F|Converted from RPCS3/community data. Not confirmed on this PS3. Source file: Ratchet And Clank QForce.|120
BLES01294|01.00|60|untested|ncl|Unlock FPS (RPCS3)|RPCS3 converted USERLIST|0 0025F98C 386003E8|Converted from RPCS3/community data. Not confirmed on this PS3. Source file: Red Dead Redemption GOTY Edition.|120
NPEB00833|01.00|60|untested|ncl|Unlock FPS (RPCS3)|RPCS3 converted USERLIST|0 0025ED14 386003E8|Converted from RPCS3/community data. Not confirmed on this PS3. Source file: Red Dead Redemption.|120
NPUB30638|01.00|60|untested|ncl|Unlock FPS (RPCS3)|RPCS3 converted USERLIST|0 0025ED14 386003E8|Converted from RPCS3/community data. Not confirmed on this PS3. Source file: Red Dead Redemption.|120
BLUS31012|01.00|60|untested|ncl|Unlock FPS (PSXPlace)|RPCS3 converted USERLIST|0 00A347D4 28030001;0 00A34914 28030001|Converted from RPCS3/community data. Not confirmed on this PS3. Source file: Remember Me.|120
NPUB31080|01.00|60|untested|ncl|Unlock FPS (PSXPlace)|RPCS3 converted USERLIST|0 00A347D4 28030001;0 00A34914 28030001|Converted from RPCS3/community data. Not confirmed on this PS3. Source file: Remember Me.|120
NPEB02226|01.00|60|untested|ncl|Unlock FPS (RPCS3)|RPCS3 converted USERLIST|0 003C2790 60000000|Converted from RPCS3/community data. Not confirmed on this PS3. Source file: Resident Evil 0.|120
BLES00485|01.00|60|untested|ncl|Unlock FPS (RPCS3)|RPCS3 converted USERLIST|0 00C27964 60000000;0 00C27970 60000000|Converted from RPCS3/community data. Not confirmed on this PS3. Source file: Resident Evil 5.|120
BLUS30270|01.00|60|untested|ncl|Unlock FPS (RPCS3)|RPCS3 converted USERLIST|0 00C27964 60000000;0 00C27970 60000000|Converted from RPCS3/community data. Not confirmed on this PS3. Source file: Resident Evil 5.|120
BLES00485|02.00|60|untested|ncl|Unlock FPS (RPCS3)|RPCS3 converted USERLIST|0 00C27964 60000000;0 00C27970 60000000|Converted from RPCS3/community data. Not confirmed on this PS3. Source file: Resident Evil 5 Gold Edition.|120
BLUS30491|02.00|60|untested|ncl|Unlock FPS (RPCS3)|RPCS3 converted USERLIST|0 00C27964 60000000;0 00C27970 60000000|Converted from RPCS3/community data. Not confirmed on this PS3. Source file: Resident Evil 5 Gold Edition.|120
BLES00816|01.00|60|untested|ncl|Unlock FPS (PSXPlace)|RPCS3 converted USERLIST|0 00C27964 60000000;0 00C27970 60000000|Converted from RPCS3/community data. Not confirmed on this PS3. Source file: Resident Evil 5 Gold Edition.|120
BLES00816|01.00|60|untested|ncl|Unlock FPS (RPCS3)|RPCS3 converted USERLIST|0 00C2726C 60000000;0 00C27278 60000000|Converted from RPCS3/community data. Not confirmed on this PS3. Source file: Resident Evil 5 Gold Edition.|120
BLUS30491|01.00|60|untested|ncl|Unlock FPS (PSXPlace)|RPCS3 converted USERLIST|0 00C27964 60000000;0 00C27970 60000000|Converted from RPCS3/community data. Not confirmed on this PS3. Source file: Resident Evil 5 Gold Edition.|120
BLUS30491|01.00|60|untested|ncl|Unlock FPS (RPCS3)|RPCS3 converted USERLIST|0 00C2726C 60000000;0 00C27278 60000000|Converted from RPCS3/community data. Not confirmed on this PS3. Source file: Resident Evil 5 Gold Edition.|120
BLUS30491|01.00|60|untested|ncl|Unlock FPS v01.01 (RPCS3)|RPCS3 converted USERLIST|0 00C27CAC 60000000;0 00C27CB8 60000000|Converted from RPCS3/community data. Not confirmed on this PS3. Source file: Resident Evil 5 Gold Edition.|120
BLUS30491|01.01|60|untested|ncl|Unlock FPS (RPCS3)|RPCS3 converted USERLIST|0 00C27CAC 60000000;0 00C27CB8 60000000|Converted from RPCS3/community data. Not confirmed on this PS3. Source file: Resident Evil 5 Gold Edition.|120
BLUS30491|02.00|60|untested|ncl|Unlock FPS (RPCS3)|RPCS3 converted USERLIST|0 00C27CAC 60000000;0 00C27CB8 60000000|Converted from RPCS3/community data. Not confirmed on this PS3. Source file: Resident Evil 5 Gold Edition.|120
BLUS30855|01.00|60|untested|ncl|Unlock FPS (PSXPlace)|RPCS3 converted USERLIST|0 010E5B18 60000000;0 010E5B2C 60000000|Converted from RPCS3/community data. Not confirmed on this PS3. Source file: Resident Evil 6.|120
BLUS31444|01.03|60|untested|ncl|Unlock FPS (PSXPlace)|RPCS3 converted USERLIST|0 00F310BC 60000000;0 00F310D0 60000000|Converted from RPCS3/community data. Not confirmed on this PS3. Source file: Resident Evil Revelations 2.|120
NPUB31518|01.03|60|untested|ncl|Unlock FPS (PSXPlace)|RPCS3 converted USERLIST|0 00F310BC 60000000;0 00F310D0 60000000|Converted from RPCS3/community data. Not confirmed on this PS3. Source file: Resident Evil Revelations 2.|120
BLES01773|01.00|60|untested|ncl|Unlock FPS (PSXPlace)|RPCS3 converted USERLIST|0 00B73910 60000000;0 00B73924 60000000|Converted from RPCS3/community data. Not confirmed on this PS3. Source file: Resident Evil Revelations.|120
BLES01773|01.01|60|unavailable|none|Use FPS ilimitado / +60|RPCS3 converted USERLIST||Entrada 60 FPS bloqueada: o mesmo payload ja existe como desbloqueio confirmado e a copia publica nao confirma alvo 60 separado.
BLUS31051|01.00|60|untested|ncl|Unlock FPS v01.01 (RPCS3)|RPCS3 converted USERLIST|0 00B73920 60000000;0 00B73934 60000000|Converted from RPCS3/community data. Not confirmed on this PS3. Source file: Resident Evil Revelations.|120
BLUS31051|01.01|60|untested|ncl|Unlock FPS (RPCS3)|RPCS3 converted USERLIST|0 00B73920 60000000;0 00B73934 60000000|Converted from RPCS3/community data. Not confirmed on this PS3. Source file: Resident Evil Revelations.|120
BCES00001|01.00|60|untested|ncl|Unlock FPS (RPCS3)|RPCS3 converted USERLIST|0 001E5DB0 60000000;0 00678ED0 3B88887A|Converted from RPCS3/community data. Not confirmed on this PS3. Source file: Resistance Fall Of Man.|120
BCUS98107|01.00|60|untested|ncl|Unlock FPS (RPCS3)|RPCS3 converted USERLIST|0 001E5DB0 60000000;0 00678ED0 3B88887A|Converted from RPCS3/community data. Not confirmed on this PS3. Source file: Resistance Fall Of Man.|120
NPEA00430|01.00|60|untested|ncl|Unlock FPS (RPCS3)|RPCS3 converted USERLIST|0 00418898 4800;0 00768348 3B88887A|Converted from RPCS3/community data. Not confirmed on this PS3. Source file: Resistance Fall Of Man.|120
NPEB00299|01.00|60|untested|ncl|Unlock FPS v01.00 (RPCS3)|RPCS3 converted USERLIST|0 0049B690 60000000|Converted from RPCS3/community data. Not confirmed on this PS3. Source file: Rush'N Attack Ex-Patriot.|120
NPUB30112|01.00|60|untested|ncl|Unlock FPS v01.00 (RPCS3)|RPCS3 converted USERLIST|0 0049B690 60000000|Converted from RPCS3/community data. Not confirmed on this PS3. Source file: Rush'N Attack Ex-Patriot.|120
BLES01050|01.00|60|untested|ncl|Unlock FPS (RPCS3)|RPCS3 converted USERLIST|0 005366FC 60000000|Converted from RPCS3/community data. Not confirmed on this PS3. Source file: Saw 2.|120
BLES00676|01.00|60|untested|ncl|Unlock FPS (RPCS3)|RPCS3 converted USERLIST|0 004AFBAC 60000000|Converted from RPCS3/community data. Not confirmed on this PS3. Source file: Saw.|120
BLJM61248|01.01|60|untested|ncl|Unlock FPS v01.02 (RPCS3)|RPCS3 converted USERLIST|0 00E23160 3860001E;0 00E23178 60000000|Converted from RPCS3/community data. Not confirmed on this PS3. Source file: Sengoku Basara 4 Sumeragi.|120
BLJM61248|01.00|60|untested|ncl|Unlock FPS (RPCS3)|RPCS3 converted USERLIST|0 00E23160 3860001E;0 00E23178 60000000|Converted from RPCS3/community data. Not confirmed on this PS3. Source file: Sengoku Basara 4 Sumeragi.|120
NPJB00688|01.01|60|untested|ncl|Unlock FPS v01.00 (RPCS3)|RPCS3 converted USERLIST|0 00E20184 60000000;0 00E20198 60000000|Converted from RPCS3/community data. Not confirmed on this PS3. Source file: Sengoku Basara 4 Sumeragi.|120
BLJM61332|01.02|60|untested|ncl|Unlock FPS (RPCS3)|RPCS3 converted USERLIST|0 00E3D544 60000000;0 00E3D558 60000000|Converted from RPCS3/community data. Not confirmed on this PS3. Source file: Sengoku Basara Sanada Yukimura-Den.|120
NPJB00805|01.02|60|untested|ncl|Unlock FPS (RPCS3)|RPCS3 converted USERLIST|0 00E3D544 60000000;0 00E3D558 60000000|Converted from RPCS3/community data. Not confirmed on this PS3. Source file: Sengoku Basara Sanada Yukimura-Den.|120
NPUB31165|01.00|60|untested|ncl|Unlock FPS (PSXPlace)|RPCS3 converted USERLIST|0 00622BE0 60000000|Converted from RPCS3/community data. Not confirmed on this PS3. Source file: Serious Sam 3 BFE.|120
BLES01276|01.00|60|untested|ncl|Unlock FPS (RPCS3)|RPCS3 converted USERLIST|0 009E0CE4 60000000;0 009E0D64 60000000|Converted from RPCS3/community data. Not confirmed on this PS3. Source file: Shadows Of The Damned.|120
BLUS30653|01.00|60|untested|ncl|Unlock FPS (PSXPlace)|RPCS3 converted USERLIST|0 009E0CE4 60000000;0 009E0D64 60000000;0 009A5F38 28030001;0 009A5E0C 28030001;0 009A5F28 38800001|Converted from RPCS3/community data. Not confirmed on this PS3. Source file: Shadows Of The Damned.|120
BLUS30653|01.00|60|untested|ncl|Unlock FPS (RPCS3)|RPCS3 converted USERLIST|0 009E0CE4 60000000;0 009E0D64 60000000|Converted from RPCS3/community data. Not confirmed on this PS3. Source file: Shadows Of The Damned.|120
BLES01446|01.00|60|untested|ncl|Unlock FPS (PSXPlace)|RPCS3 converted USERLIST|0 0077D8E8 38600001;0 0073283C 38600001;0 0077F6E8 38600001;0 0072CC6C 28030000;0 0072CB30 28030000|Converted from RPCS3/community data. Not confirmed on this PS3. Source file: Silent Hill Downpour.|120
BLUS30565|01.00|60|untested|ncl|Unlock FPS (PSXPlace)|RPCS3 converted USERLIST|0 0077D8E8 38600001;0 0073283C 38600001;0 0077F6E8 38600001;0 0072CC6C 28030000;0 0072CB30 28030000|Converted from RPCS3/community data. Not confirmed on this PS3. Source file: Silent Hill Downpour.|120
BLES01446|01.00|60|untested|ncl|Unlock FPS (RPCS3)|RPCS3 converted USERLIST|0 002A1250 60000000|Converted from RPCS3/community data. Not confirmed on this PS3. Source file: Silent Hill Downpour.|120
BLUS30565|01.00|60|untested|ncl|Unlock FPS (RPCS3)|RPCS3 converted USERLIST|0 002A1250 60000000|Converted from RPCS3/community data. Not confirmed on this PS3. Source file: Silent Hill Downpour.|120
BLJM60391|01.00|60|untested|ncl|Unlock FPS (RPCS3)|RPCS3 converted USERLIST|0 002A1020 60000000|Converted from RPCS3/community data. Not confirmed on this PS3. Source file: Silent Hill Downpour.|120
BLJM60391|01.01|60|untested|ncl|Unlock FPS v01.00 (RPCS3)|RPCS3 converted USERLIST|0 002A1020 60000000|Converted from RPCS3/community data. Not confirmed on this PS3. Source file: Silent Hill Downpour.|120
BLUS30565|01.01|60|unavailable|none|Use FPS ilimitado / +60|RPCS3 converted USERLIST||Entrada 60 FPS bloqueada: o mesmo payload ja existe como desbloqueio confirmado e a copia publica nao confirma alvo 60 separado.
BLUS30565|01.01|60|untested|ncl|Unlock FPS (RPCS3)|RPCS3 converted USERLIST|0 002A1250 60000000|Converted from RPCS3/community data. Not confirmed on this PS3. Source file: Silent Hill Downpour.|120
BLES00460|01.00|60|unavailable|none|Use FPS ilimitado / +60|RPCS3 converted USERLIST||Entrada 60 FPS bloqueada: o mesmo payload ja existe como desbloqueio confirmado e a copia publica nao confirma alvo 60 separado.
BLUS30169|01.00|60|untested|ncl|60 FPS (RPCS3)|RPCS3 converted USERLIST|0 0005A36C 38000001|Converted from RPCS3/community data. Not confirmed on this PS3. Source file: Silent Hill Homecoming.|120
NPUA80136|01.00|60|untested|ncl|60 FPS (RPCS3)|RPCS3 converted USERLIST|0 00022D70 60000000;0 00022960 60000000|Converted from RPCS3/community data. Not confirmed on this PS3. Source file: Siren Blood Curse.|120
BCAS20121|01.00|60|untested|ncl|60 FPS (RPCS3)|RPCS3 converted USERLIST|0 016F2ECC 3F00|Converted from RPCS3/community data. Not confirmed on this PS3. Source file: SOCOM 4 U.S. Navy SEALs.|120
BCES00938|01.00|60|untested|ncl|60 FPS (RPCS3)|RPCS3 converted USERLIST|0 016F2ECC 3F00|Converted from RPCS3/community data. Not confirmed on this PS3. Source file: SOCOM 4 U.S. Navy SEALs.|120
BCJS30052|01.00|60|untested|ncl|60 FPS (RPCS3)|RPCS3 converted USERLIST|0 016F2ECC 3F00|Converted from RPCS3/community data. Not confirmed on this PS3. Source file: SOCOM 4 U.S. Navy SEALs.|120
BCUS98135|01.00|60|untested|ncl|60 FPS (RPCS3)|RPCS3 converted USERLIST|0 016F2ECC 3F00|Converted from RPCS3/community data. Not confirmed on this PS3. Source file: SOCOM 4 U.S. Navy SEALs.|120
BLES01120|01.00|60|untested|ncl|60 FPS (RPCS3)|RPCS3 converted USERLIST|0 00819294 9B9F00EE;0 010B4608 3C888889;0 011178D0 3C888889;0 011178D4 3C888889|Converted from RPCS3/community data. Not confirmed on this PS3. Source file: Splatterhouse.|120
BLES00144|01.20|60|unavailable|none|Use FPS ilimitado / +60|RPCS3 converted USERLIST||Entrada 60 FPS bloqueada: o mesmo payload ja existe como desbloqueio confirmado e a copia publica nao confirma alvo 60 separado.
BLES00144|01.01|60|untested|ncl|Unlock FPS (PSXPlace)|RPCS3 converted USERLIST|0 00B9FF70 60000000|Converted from RPCS3/community data. Not confirmed on this PS3. Source file: Stranglehold.|120
BLUS30080|01.01|60|untested|ncl|Unlock FPS (PSXPlace)|RPCS3 converted USERLIST|0 00B9FF70 60000000|Converted from RPCS3/community data. Not confirmed on this PS3. Source file: Stranglehold.|120
BLUS30081|01.01|60|untested|ncl|Unlock FPS (PSXPlace)|RPCS3 converted USERLIST|0 00B9FF70 60000000|Converted from RPCS3/community data. Not confirmed on this PS3. Source file: Stranglehold.|120
BLES00144|01.01|60|untested|ncl|Unlock FPS (RPCS3)|RPCS3 converted USERLIST|0 00B9D904 60000000|Converted from RPCS3/community data. Not confirmed on this PS3. Source file: Stranglehold.|120
BLUS30080|01.01|60|untested|ncl|Unlock FPS (RPCS3)|RPCS3 converted USERLIST|0 00B9D904 60000000|Converted from RPCS3/community data. Not confirmed on this PS3. Source file: Stranglehold.|120
BLUS30081|01.01|60|untested|ncl|Unlock FPS (RPCS3)|RPCS3 converted USERLIST|0 00B9D904 60000000|Converted from RPCS3/community data. Not confirmed on this PS3. Source file: Stranglehold.|120
BLES01962|01.00|60|untested|ncl|60 FPS (RPCS3)|RPCS3 converted USERLIST|0 00846310 38600002;0 00282B2C 3A900001|Converted from RPCS3/community data. Not confirmed on this PS3. Source file: Tales Of Xillia 2.|120
BLJS10188|01.00|60|untested|ncl|60 FPS (RPCS3)|RPCS3 converted USERLIST|0 0082D108 38600002;0 0027A45C 3A900001|Converted from RPCS3/community data. Not confirmed on this PS3. Source file: Tales Of Xillia 2.|120
BLJS10188|01.01|60|untested|ncl|60 FPS (RPCS3)|RPCS3 converted USERLIST|0 00832460 38600002;0 0027A9CC 3A900001|Converted from RPCS3/community data. Not confirmed on this PS3. Source file: Tales Of Xillia 2.|120
BLUS31397|01.00|60|untested|ncl|60 FPS (RPCS3)|RPCS3 converted USERLIST|0 00846290 38600002;0 00282AF4 3A900001|Converted from RPCS3/community data. Not confirmed on this PS3. Source file: Tales Of Xillia 2.|120
BLUS31397|01.01|60|untested|ncl|60 FPS (RPCS3)|RPCS3 converted USERLIST|0 00846290 38600002;0 00282AF4 3A900001|Converted from RPCS3/community data. Not confirmed on this PS3. Source file: Tales Of Xillia 2.|120
BLES01815|01.00|60|untested|ncl|60 FPS (RPCS3)|RPCS3 converted USERLIST|0 00710694 38600002;0 0023F114 3A900001|Converted from RPCS3/community data. Not confirmed on this PS3. Source file: Tales Of Xillia.|120
BLJS10120|01.00|60|untested|ncl|60 FPS (RPCS3)|RPCS3 converted USERLIST|0 0070725C 38600002;0 00239B7C 3A900001|Converted from RPCS3/community data. Not confirmed on this PS3. Source file: Tales Of Xillia.|120
BLUS31006|01.00|60|untested|ncl|Unlock FPS (PSXPlace)|RPCS3 converted USERLIST|0 00710694 38600001;0 0023F114 3A900001|Converted from RPCS3/community data. Not confirmed on this PS3. Source file: Tales Of Xillia.|120
NPEB01425|01.00|60|untested|ncl|Unlock FPS (RPCS3)|RPCS3 converted USERLIST|0 0091E3C4 60000000;0 0091E424 60000000;0 0091E428 60000000|Converted from RPCS3/community data. Not confirmed on this PS3. Source file: Teenage Mutant Ninja Turtles Out Of The Shadows.|120
BLES00058|01.03|60|untested|ncl|60 FPS (RPCS3)|RPCS3 converted USERLIST|0 000AF0D0 48000014|Converted from RPCS3/community data. Not confirmed on this PS3. Source file: The Darkness.|120
BLUS30035|01.03|60|untested|ncl|60 FPS (RPCS3)|RPCS3 converted USERLIST|0 000AF0D0 48000014|Converted from RPCS3/community data. Not confirmed on this PS3. Source file: The Darkness.|120
BLES00163|01.00|60|untested|ncl|Unlock FPS (RPCS3) [Tested]|RPCS3 converted USERLIST|0 00AAED04 60000000|Converted from RPCS3/community data. Not confirmed on this PS3. Source file: The Elder Scrolls 4 Oblivion GOTY Edition.|120
BLUS30087|01.00|60|untested|ncl|Unlock FPS (RPCS3) [Tested]|RPCS3 converted USERLIST|0 00AAED04 60000000|Converted from RPCS3/community data. Not confirmed on this PS3. Source file: The Elder Scrolls 4 Oblivion GOTY Edition.|120
BLES01886|01.00|60|untested|ncl|Unlock FPS (PSXPlace)|RPCS3 converted USERLIST|0 008EDB64 F8051C60|Converted from RPCS3/community data. Not confirmed on this PS3. Source file: The Elder Scrolls 5 Skyrim Legendary Edition.|120
BLUS31202|01.00|60|unavailable|none|Use FPS ilimitado / +60|RPCS3 converted USERLIST||Entrada 60 FPS bloqueada: o mesmo payload ja existe como desbloqueio confirmado e a copia publica nao confirma alvo 60 separado.
BLES01916|01.05|60|unavailable|none|Use FPS ilimitado / +60|RPCS3 converted USERLIST||Entrada 60 FPS bloqueada: o mesmo payload ja existe como desbloqueio confirmado e a copia publica nao confirma alvo 60 separado.
BLES01916|01.01|60|untested|ncl|Unlock FPS (PSXPlace)|RPCS3 converted USERLIST|0 00259328 38600001;0 0025C100 48000050|Converted from RPCS3/community data. Not confirmed on this PS3. Source file: The Evil Within.|120
NPEB01797|01.01|60|untested|ncl|Unlock FPS (PSXPlace)|RPCS3 converted USERLIST|0 00259328 38600001;0 0025C100 48000050|Converted from RPCS3/community data. Not confirmed on this PS3. Source file: The Evil Within.|120
BLES00477|01.00|60|untested|ncl|Unlock FPS (PSXPlace)|RPCS3 converted USERLIST|0 0074F1BC 42800030;0 00750454 38600001;0 00751AA8 38600001;0 00750620 38600001|Converted from RPCS3/community data. Not confirmed on this PS3. Source file: The Godfather II.|120
BCES01584|01.00|60|untested|ncl|Unlock FPS (PSXPlace)|RPCS3 converted USERLIST|0 00039D08 38A00000|Converted from RPCS3/community data. Not confirmed on this PS3. Source file: The Last Of Us.|120
BCES01585|01.00|60|untested|ncl|Unlock FPS (PSXPlace)|RPCS3 converted USERLIST|0 00039D08 38A00000|Converted from RPCS3/community data. Not confirmed on this PS3. Source file: The Last Of Us.|120
BCUS98174|01.00|60|untested|ncl|Unlock FPS (PSXPlace)|RPCS3 converted USERLIST|0 00039D08 38A00000|Converted from RPCS3/community data. Not confirmed on this PS3. Source file: The Last Of Us.|120
BCES01584|01.00|60|untested|ncl|Unlock FPS (RPCS3)|RPCS3 converted USERLIST|0 00036AB8 38A00000|Converted from RPCS3/community data. Not confirmed on this PS3. Source file: The Last Of Us.|120
BCES01585|01.00|60|untested|ncl|Unlock FPS (RPCS3)|RPCS3 converted USERLIST|0 00036AB8 38A00000|Converted from RPCS3/community data. Not confirmed on this PS3. Source file: The Last Of Us.|120
BCUS98174|01.00|60|untested|ncl|Unlock FPS (RPCS3)|RPCS3 converted USERLIST|0 00036AB8 38A00000|Converted from RPCS3/community data. Not confirmed on this PS3. Source file: The Last Of Us.|120
BCAS20270|01.11|60|untested|ncl|Unlock FPS (PSXPlace)|RPCS3 converted USERLIST|0 00039D08 38A00000|Converted from RPCS3/community data. Not confirmed on this PS3. Source file: The Last of Us.|120
BCES01584|01.11|60|untested|ncl|Unlock FPS (PSXPlace)|RPCS3 converted USERLIST|0 00039D08 38A00000|Converted from RPCS3/community data. Not confirmed on this PS3. Source file: The Last of Us.|120
BCES01585|01.11|60|unavailable|none|Use FPS ilimitado / +60|RPCS3 converted USERLIST||Entrada 60 FPS bloqueada: o mesmo payload ja existe como desbloqueio confirmado e a copia publica nao confirma alvo 60 separado.
BCUS98174|01.11|60|untested|ncl|Unlock FPS (PSXPlace)|RPCS3 converted USERLIST|0 00039D08 38A00000|Converted from RPCS3/community data. Not confirmed on this PS3. Source file: The Last of Us.|120
BCAS20270|01.11|60|untested|ncl|Unlock FPS (RPCS3)|RPCS3 converted USERLIST|0 00036AB8 38A00000|Converted from RPCS3/community data. Not confirmed on this PS3. Source file: The Last of Us.|120
BCES01584|01.11|60|untested|ncl|Unlock FPS (RPCS3)|RPCS3 converted USERLIST|0 00036AB8 38A00000|Converted from RPCS3/community data. Not confirmed on this PS3. Source file: The Last of Us.|120
BCES01585|01.11|60|untested|ncl|Unlock FPS (RPCS3)|RPCS3 converted USERLIST|0 00036AB8 38A00000|Converted from RPCS3/community data. Not confirmed on this PS3. Source file: The Last of Us.|120
BCUS98174|01.11|60|untested|ncl|Unlock FPS (RPCS3)|RPCS3 converted USERLIST|0 00036AB8 38A00000|Converted from RPCS3/community data. Not confirmed on this PS3. Source file: The Last of Us.|120
BLES01848|*|60|untested|ncl|60 FPS (RPCS3)|RPCS3 converted USERLIST|0 003838FC 38600001|Converted from RPCS3/community data. Not confirmed on this PS3. Source file: Time And Eternity.|120
BLES01879|01.00|60|untested|ncl|Unlock FPS (PSXPlace)|RPCS3 converted USERLIST|0 00210450 38600001;0 00BB2080 38800000;0 00BB2090 38800000|Converted from RPCS3/community data. Not confirmed on this PS3. Source file: Tom Clancy's Splinter Cell Blacklist.|120
BLES01146|01.01|60|untested|ncl|Unlock FPS (RPCS3)|RPCS3 converted USERLIST|0 000107F4 4800006C|Converted from RPCS3/community data. Not confirmed on this PS3. Source file: Tom Clancy's Splinter Cell.|120
BLUS30761|01.01|60|untested|ncl|Unlock FPS (RPCS3)|RPCS3 converted USERLIST|0 000107F4 4800006C|Converted from RPCS3/community data. Not confirmed on this PS3. Source file: Tom Clancy's Splinter Cell.|120
BLES01146|01.00|60|untested|ncl|Unlock FPS (RPCS3)|RPCS3 converted USERLIST|0 000107F4 4800006C|Converted from RPCS3/community data. Not confirmed on this PS3. Source file: Tom Clancy's Splinter Cell.|120
BLUS30761|01.00|60|untested|ncl|Unlock FPS (RPCS3)|RPCS3 converted USERLIST|0 000107F4 4800006C|Converted from RPCS3/community data. Not confirmed on this PS3. Source file: Tom Clancy's Splinter Cell.|120
BLES01780|01.00|60|untested|ncl|Unlock FPS (PSXPlace)|RPCS3 converted USERLIST|0 0028F0C8 60000000|Converted from RPCS3/community data. Not confirmed on this PS3. Source file: Tomb Raider.|120
BLES01781|01.00|60|untested|ncl|Unlock FPS (PSXPlace)|RPCS3 converted USERLIST|0 0028F0C8 60000000|Converted from RPCS3/community data. Not confirmed on this PS3. Source file: Tomb Raider.|120
BLJM60557|01.00|60|untested|ncl|Unlock FPS (PSXPlace)|RPCS3 converted USERLIST|0 0028F0C8 60000000|Converted from RPCS3/community data. Not confirmed on this PS3. Source file: Tomb Raider.|120
BLUS31036|01.00|60|untested|ncl|Unlock FPS (PSXPlace)|RPCS3 converted USERLIST|0 0028F0C8 60000000|Converted from RPCS3/community data. Not confirmed on this PS3. Source file: Tomb Raider.|120
NPUB31146|01.00|60|untested|ncl|Unlock FPS (PSXPlace)|RPCS3 converted USERLIST|0 0028F0C8 60000000|Converted from RPCS3/community data. Not confirmed on this PS3. Source file: Tomb Raider.|120
BLES01780|01.01|60|untested|ncl|Unlock FPS (PSXPlace)|RPCS3 converted USERLIST|0 0028F0C8 60000000|Converted from RPCS3/community data. Not confirmed on this PS3. Source file: Tomb Raider.|120
BLUS31036|01.01|60|untested|ncl|Unlock FPS (PSXPlace)|RPCS3 converted USERLIST|0 0028F0C8 60000000|Converted from RPCS3/community data. Not confirmed on this PS3. Source file: Tomb Raider.|120
BLUS31036|01.03|60|unavailable|none|Use FPS ilimitado / +60|RPCS3 converted USERLIST||Entrada 60 FPS bloqueada: o mesmo payload ja existe como desbloqueio confirmado e a copia publica nao confirma alvo 60 separado.
BLES00833|01.00|60|untested|ncl|Unlock FPS (PSXPlace)|RPCS3 converted USERLIST|0 0020099C C03F0BB8|Converted from RPCS3/community data. Not confirmed on this PS3. Source file: Transformers Kampf Um Cybertron.|120
BLUS30357|01.00|60|untested|ncl|Unlock FPS (PSXPlace)|RPCS3 converted USERLIST|0 0020099C C03F0BB8|Converted from RPCS3/community data. Not confirmed on this PS3. Source file: Transformers Kampf Um Cybertron.|120
BCES01010|01.01|60|untested|ncl|60 FPS v01.06 (RPCS3)|RPCS3 converted USERLIST|0 0065DBAC 9383|Converted from RPCS3/community data. Not confirmed on this PS3. Source file: Twisted Metal.|120
BCUS98106|01.01|60|untested|ncl|60 FPS v01.06 (RPCS3)|RPCS3 converted USERLIST|0 0065DBAC 9383|Converted from RPCS3/community data. Not confirmed on this PS3. Source file: Twisted Metal.|120
BCES01010|01.00|60|untested|ncl|60 FPS v01.06 (RPCS3)|RPCS3 converted USERLIST|0 0065DBAC 9383|Converted from RPCS3/community data. Not confirmed on this PS3. Source file: Twisted Metal.|120
BCUS98106|01.00|60|untested|ncl|60 FPS v01.06 (RPCS3)|RPCS3 converted USERLIST|0 0065DBAC 9383|Converted from RPCS3/community data. Not confirmed on this PS3. Source file: Twisted Metal.|120
BLJS10301|01.01|60|untested|ncl|60 FPS (RPCS3)|RPCS3 converted USERLIST|0 006BAC64 60000000;0 012A115C 3C888889;0 01297828 41700000|Converted from RPCS3/community data. Not confirmed on this PS3. Source file: Ukiyo No Shishi.|120
BCAS20097|01.00|60|untested|ncl|60 FPS (RPCS3)|RPCS3 converted USERLIST|0 000C9250 9163|Converted from RPCS3/community data. Not confirmed on this PS3. Source file: Uncharted 2 Among Thieves.|120
BCES00509|01.00|60|untested|ncl|60 FPS (RPCS3)|RPCS3 converted USERLIST|0 000C9250 9163|Converted from RPCS3/community data. Not confirmed on this PS3. Source file: Uncharted 2 Among Thieves.|120
BCAS20097|01.00|60|untested|ncl|Unlock FPS (RPCS3)|RPCS3 converted USERLIST|0 000C9250 9183|Converted from RPCS3/community data. Not confirmed on this PS3. Source file: Uncharted 2 Among Thieves.|120
BCES00509|01.00|60|untested|ncl|Unlock FPS (RPCS3)|RPCS3 converted USERLIST|0 000C9250 9183|Converted from RPCS3/community data. Not confirmed on this PS3. Source file: Uncharted 2 Among Thieves.|120
BCES00509|01.09|60|untested|ncl|60 FPS (RPCS3)|RPCS3 converted USERLIST|0 000C26F0 9163|Converted from RPCS3/community data. Not confirmed on this PS3. Source file: Uncharted 2 Among Thieves.|120
BCES00509|01.09|60|untested|ncl|Unlock FPS (RPCS3)|RPCS3 converted USERLIST|0 000C26F0 9183|Converted from RPCS3/community data. Not confirmed on this PS3. Source file: Uncharted 2 Among Thieves.|120
BCES00757|01.00|60|untested|ncl|60 FPS (RPCS3)|RPCS3 converted USERLIST|0 000C9250 9163|Converted from RPCS3/community data. Not confirmed on this PS3. Source file: Uncharted 2 Among Thieves.|120
BCUS98213|01.00|60|untested|ncl|60 FPS (RPCS3)|RPCS3 converted USERLIST|0 000C9250 9163|Converted from RPCS3/community data. Not confirmed on this PS3. Source file: Uncharted 2 Among Thieves.|120
BCES00757|01.00|60|untested|ncl|Unlock FPS (RPCS3)|RPCS3 converted USERLIST|0 000C9250 9183|Converted from RPCS3/community data. Not confirmed on this PS3. Source file: Uncharted 2 Among Thieves.|120
BCUS98213|01.00|60|untested|ncl|Unlock FPS (RPCS3)|RPCS3 converted USERLIST|0 000C9250 9183|Converted from RPCS3/community data. Not confirmed on this PS3. Source file: Uncharted 2 Among Thieves.|120
BCES00757|01.09|60|untested|ncl|60 FPS (RPCS3)|RPCS3 converted USERLIST|0 000C26F0 9163|Converted from RPCS3/community data. Not confirmed on this PS3. Source file: Uncharted 2 Among Thieves.|120
BCES00757|01.09|60|untested|ncl|Unlock FPS (RPCS3)|RPCS3 converted USERLIST|0 000C26F0 9183|Converted from RPCS3/community data. Not confirmed on this PS3. Source file: Uncharted 2 Among Thieves.|120
NPEA00365|01.00|60|untested|ncl|60 FPS v01.10 (RPCS3)|RPCS3 converted USERLIST|0 000C2BB8 9163|Converted from RPCS3/community data. Not confirmed on this PS3. Source file: Uncharted 2 Among Thieves.|120
NPEA00365|01.00|60|untested|ncl|Unlock FPS v01.10 (RPCS3)|RPCS3 converted USERLIST|0 000C2BB8 9183|Converted from RPCS3/community data. Not confirmed on this PS3. Source file: Uncharted 2 Among Thieves.|120
NPUA80698|01.00|60|untested|ncl|60 FPS (RPCS3)|RPCS3 converted USERLIST|0 000C2BB8 9163|Converted from RPCS3/community data. Not confirmed on this PS3. Source file: Uncharted 2 Among Thieves.|120
NPUA80698|01.00|60|untested|ncl|Unlock FPS (RPCS3)|RPCS3 converted USERLIST|0 000C2BB8 9183|Converted from RPCS3/community data. Not confirmed on this PS3. Source file: Uncharted 2 Among Thieves.|120
BCAS25014|01.15|60|untested|ncl|Unlock FPS v01.19 (RPCS3)|RPCS3 converted USERLIST|0 0096E97C 93630014;0 0096E980 93630018|Converted from RPCS3/community data. Not confirmed on this PS3. Source file: Uncharted 3 Drake's Deception.|120
BCES01175|01.17|60|untested|ncl|Unlock FPS v01.00 (RPCS3)|RPCS3 converted USERLIST|0 0093B348 90E30034;0 0093B34C 90E30038|Converted from RPCS3/community data. Not confirmed on this PS3. Source file: Uncharted 3 Drake's Deception.|120
BCES01175|01.18|60|untested|ncl|Unlock FPS v01.00 (RPCS3)|RPCS3 converted USERLIST|0 0093B348 90E30034;0 0093B34C 90E30038|Converted from RPCS3/community data. Not confirmed on this PS3. Source file: Uncharted 3 Drake's Deception.|120
BCES01175|01.19|60|untested|ncl|Unlock FPS (RPCS3)|RPCS3 converted USERLIST|0 0096E97C 93630014;0 0096E980 93630018|Converted from RPCS3/community data. Not confirmed on this PS3. Source file: Uncharted 3 Drake's Deception.|120
BCES01670|01.00|60|untested|ncl|Unlock FPS (RPCS3)|RPCS3 converted USERLIST|0 0096E97C 93630014;0 0096E980 93630018|Converted from RPCS3/community data. Not confirmed on this PS3. Source file: Uncharted 3 Drake's Deception.|120
BCAS20024|01.01|60|untested|ncl|Unlock FPS (RPCS3)|RPCS3 converted USERLIST|0 000E515C 901D|Converted from RPCS3/community data. Not confirmed on this PS3. Source file: Uncharted Drake's Fortune.|120
BCES00065|01.00|60|untested|ncl|Unlock FPS (PSXPlace)|RPCS3 converted USERLIST|0 00BB4350 00000001|Converted from RPCS3/community data. Not confirmed on this PS3. Source file: Uncharted Drake's Fortune.|120
BCES00065|01.00|60|untested|ncl|Unlock FPS v01.01 (RPCS3)|RPCS3 converted USERLIST|0 000E515C 901D|Converted from RPCS3/community data. Not confirmed on this PS3. Source file: Uncharted Drake's Fortune.|120
BCES00065|01.01|60|unavailable|none|Use FPS ilimitado / +60|RPCS3 converted USERLIST||Entrada 60 FPS bloqueada: o mesmo payload ja existe como desbloqueio confirmado e a copia publica nao confirma alvo 60 separado.
BCES00065|01.01|60|untested|ncl|Unlock FPS (RPCS3)|RPCS3 converted USERLIST|0 000E515C 901D|Converted from RPCS3/community data. Not confirmed on this PS3. Source file: Uncharted Drake's Fortune.|120
BCES00065|01.10|60|untested|ncl|Unlock FPS (PSXPlace)|RPCS3 converted USERLIST|0 00BB4350 00000001|Converted from RPCS3/community data. Not confirmed on this PS3. Source file: Uncharted Drake's Fortune.|120
BCUS98103|01.10|60|untested|ncl|Unlock FPS (PSXPlace)|RPCS3 converted USERLIST|0 00BB4350 00000001|Converted from RPCS3/community data. Not confirmed on this PS3. Source file: Uncharted Drake's Fortune.|120
BCES00065|01.10|60|untested|ncl|Unlock FPS (RPCS3)|RPCS3 converted USERLIST|0 000E515C 901D|Converted from RPCS3/community data. Not confirmed on this PS3. Source file: Uncharted Drake's Fortune.|120
BCUS98103|01.10|60|untested|ncl|Unlock FPS (RPCS3)|RPCS3 converted USERLIST|0 000E515C 901D|Converted from RPCS3/community data. Not confirmed on this PS3. Source file: Uncharted Drake's Fortune.|120
BCUS98103|01.00|60|untested|ncl|Unlock FPS (PSXPlace)|RPCS3 converted USERLIST|0 00BB4350 00000001|Converted from RPCS3/community data. Not confirmed on this PS3. Source file: Uncharted Drake's Fortune.|120
BCUS98103|01.00|60|untested|ncl|Unlock FPS (RPCS3)|RPCS3 converted USERLIST|0 000E515C 901D|Converted from RPCS3/community data. Not confirmed on this PS3. Source file: Uncharted Drake's Fortune.|120
BCJS30015|01.01|60|untested|ncl|Unlock FPS (RPCS3)|RPCS3 converted USERLIST|0 000E515C 901D|Converted from RPCS3/community data. Not confirmed on this PS3. Source file: Uncharted El Dorado No Hihou.|120
BCJS30035|01.00|60|untested|ncl|60 FPS (RPCS3)|RPCS3 converted USERLIST|0 000C9250 9163|Converted from RPCS3/community data. Not confirmed on this PS3. Source file: Uncharted Ougontou To Kieta Sendan.|120
BCJS30035|01.00|60|untested|ncl|Unlock FPS (RPCS3)|RPCS3 converted USERLIST|0 000C9250 9183|Converted from RPCS3/community data. Not confirmed on this PS3. Source file: Uncharted Ougontou To Kieta Sendan.|120
BCJS30035|01.09|60|untested|ncl|60 FPS (RPCS3)|RPCS3 converted USERLIST|0 000C26F0 9163|Converted from RPCS3/community data. Not confirmed on this PS3. Source file: Uncharted Ougontou To Kieta Sendan.|120
BCJS30035|01.09|60|untested|ncl|Unlock FPS (RPCS3)|RPCS3 converted USERLIST|0 000C26F0 9183|Converted from RPCS3/community data. Not confirmed on this PS3. Source file: Uncharted Ougontou To Kieta Sendan.|120
NPEB00636|01.00|60|untested|ncl|Unlock FPS (RPCS3)|RPCS3 converted USERLIST|0 00370AF8 60000000|Converted from RPCS3/community data. Not confirmed on this PS3. Source file: Warp.|120
NPUB30543|01.00|60|untested|ncl|Unlock FPS (RPCS3)|RPCS3 converted USERLIST|0 00370AF8 60000000|Converted from RPCS3/community data. Not confirmed on this PS3. Source file: Warp.|120
BLES00707|01.00|60|unavailable|none|Use FPS ilimitado / +60|RPCS3 converted USERLIST||Entrada 60 FPS bloqueada: o mesmo payload ja existe como desbloqueio confirmado e a copia publica nao confirma alvo 60 separado.
BLUS30403|01.00|60|untested|ncl|Unlock FPS (PSXPlace)|RPCS3 converted USERLIST|0 00964704 60000000|Converted from RPCS3/community data. Not confirmed on this PS3. Source file: Wet.|120
NPEB01324|01.01|60|untested|ncl|Unlock FPS (RPCS3)|RPCS3 converted USERLIST|0 00C32CB8 60000000|Converted from RPCS3/community data. Not confirmed on this PS3. Source file: WRC Powerslide.|120
NPEB01351|01.00|60|untested|ncl|Unlock FPS (RPCS3)|RPCS3 converted USERLIST|0 008DF444 60000000;0 008DF4A4 60000000;0 008DF4A8 60000000|Converted from RPCS3/community data. Not confirmed on this PS3. Source file: Zeno Clash 2.|120
BLUS30612|01.00|60|known|ncl|60 FPS (testado por RafJaeger)|RafJaeger|0 015CB94C 4800006C|Sonic Generations BLUS30612 01.00. Testado em PS3 real. Remove o limitador interno aproximado de 32 FPS. Original esperado: 015CB94C=409D006C.|120
BLUS31518|01.02|60|known|ncl|60 FPS (testado por RafJaeger)|RafJaeger|0 01C98430 00000001|LEGO Jurassic World BLUS31518 01.02. Testado em PS3 real. Remove o limitador interno de 30 FPS. Original esperado: 01C98430=00000002.|120
BLUS30538|01.04|unlock|known|ncl|Unlock FPS / 60 FPS (testado por RafJaeger)|RafJaeger|0 0001036C 38600000;0 01689708 00000000|Batman Arkham City BLUS30538 01.04. Testado em PS3 real. Remove o limitador interno e desativa VSync para liberar o renderer. Originais esperados: 0001036C=80630538, 01689708=00000001.|120
NPUB30830|01.01|60|known|ncl|60 FPS (testado por RafJaeger)|RafJaeger|0 007462A4 28050001|DmC Devil May Cry NPUB30830 01.01. Testado em PS3 real. Altera o divisor de apresentacao de 2 VBlanks para 1 VBlank. Original esperado: 007462A4=28050002.|120
NPUB30389|02.00|60|known|ncl|60 FPS (testado por RafJaeger)|RafJaeger|0 00730528 48000020|Prototype NPUB30389 02.00. Testado em PS3 real. Remove o limitador interno para ate 60 FPS. Original esperado: 00730528=419C0020.|120
BLES00669|01.02|60|known|ncl|60 FPS (testado por RafJaeger)|RafJaeger|0 00E6F028 38000001|Assassin's Creed II BLES00669 01.02. Testado em PS3 real. Remove o limitador interno de 30 FPS. Original esperado: 00E6F028=38000002.|120
BLES02096|01.08|60|known|ncl|60 FPS (testado por MNZ)|MNZ / PSUF community|0 00077B44 42700000;0 002466E4 C0243E68;0 00C6C7B8 60000000|Dragon Ball Xenoverse BLES02096 01.08. Testado em PS3 real por MNZ. Remove o bloqueio proximo de 30 FPS e ajusta o tempo do jogo para evitar gameplay em velocidade dobrada. Originais esperados: 00077B44=41F00000, 002466E4=C0230004, 00C6C7B8=4838C9BD.|120
BLES02145|*|60|known|ncl|60 FPS (testado por RafJaeger)|RafJaeger|0 0039D514 39200001|Sniper Elite III BLES02145. Testado em PS3 real. Remove o limitador interno proximo de 30 FPS, forca 1 VBlank por frame e permite rodar acima de 30 FPS. Versao exata nao informada. Original esperado: 0039D514=813F002C.|120
NPUB30560|*|60|known|ncl|60 FPS (testado em PS3 real)|RafJaeger|0 00C40124 00000001|LEGO Pirates of the Caribbean NPUB30560. Testado em PS3 real. Remove o limitador interno de 30 FPS para permitir ate 60 FPS. Versao exata nao informada. Original esperado: 00C40124=00000002.|120
NPUB31236|*|60|known|ncl|60 FPS (testado em PS3 real)|RafJaeger|0 015B5D9C 00000001|LEGO Marvel Super Heroes NPUB31236. Testado em PS3 real. Remove o limitador interno de 30 FPS para permitir ate 60 FPS. Versao exata nao informada. Original esperado: 015B5D9C=00000002.|120
BLUS31584|*|60|known|ncl|60 FPS (testado em PS3 real)|RafJaeger|0 006291C8 3860003C|GTA San Andreas BLUS31584. Testado e funcionando em PS3 real. Altera o limitador interno de 30 FPS para 60 FPS. Versao exata nao informada. Original esperado: 006291C8=3860001E.|120
NPUB30984|*|60|known|ncl|60 FPS (testado em PS3 real)|RafJaeger|0 010E42C8 60000000;0 010E42DC 60000000|Resident Evil 6 NPUB30984. Testado e funcionando em PS3 real. Remove a espera interna usada pelo limitador de frames para permitir ultrapassar 30 FPS. Versao exata nao informada. Originais esperados: 010E42C8=44000002, 010E42DC=41800008.|120
BLES00949|01.02|60|known|ncl|60 FPS (testado por MNZ)|MNZ / PSUF community|0 3A3168E8 01|Need for Speed Hot Pursuit BLES00949 01.02. Testado e funcionando em PS3 real. Patch runtime de 1 byte que altera o flag interno CHANGEVSYNCS de 0 para 1, mudando de 2 VSyncs para 1 VSync. Observado de 30 FPS para 60 FPS em gameplay. Original esperado: 3A3168E8=00.|120
BLUS30758|01.03|60|known|ncl|60 FPS (testado em PS3 real)|RafJaeger|0 016D70CC 00000001|Red Dead Redemption Game of the Year Edition BLUS30758 01.03. Testado e funcionando em PS3 real. Altera o divisor interno de VBlank de 2 para 1, permitindo apresentar um frame a cada VBlank. Pode passar de 30 FPS e chegar ate 60 FPS dependendo do desempenho do console. Original esperado: 016D70CC=00000002.|120
BLUS30557|01.10|60|known|ncl|FPS Unlock (testado em PS3 real)|RafJaeger|0 014C8D9C 00000001;0 01CED624 00000001;0 00C60898 38600001|Max Payne 3 BLUS30557 01.10. Testado e funcionando em PS3 real. Remove o limitador interno de frame time, altera o divisor de VBlank de 2 para 1 e muda o modo de apresentacao para permitir FPS acima de 30. Resultado observado: aproximadamente 33 FPS para 44 FPS na cena testada. Originais esperados: 014C8D9C=00000002, 01CED624=00000002, 00C60898=38600002.|120
NPUB30991|01.00|60|known|ncl|FPS Unlock (testado em PS3 real)|RafJaeger|0 00B732D0 60000000;0 00B732E4 60000000|Resident Evil Revelations NPUB30991 01.00. Testado e funcionando em PS3 real. Remove a espera interna usada pelo limitador de frames para permitir ultrapassar 30 FPS. Originais esperados: 00B732D0=44000002, 00B732E4=41800008.|120
